path,category,feature_value
D:\my_project\glaucoma\1020_left.jpg,glaucoma,
D:\my_project\glaucoma\1209_left.jpg,glaucoma,
D:\my_project\glaucoma\1209_right.jpg,glaucoma,
D:\my_project\glaucoma\1210_left.jpg,glaucoma,
D:\my_project\glaucoma\1210_right.jpg,glaucoma,
D:\my_project\glaucoma\1211_right.jpg,glaucoma,
D:\my_project\glaucoma\1212_left.jpg,glaucoma,
D:\my_project\glaucoma\1212_right.jpg,glaucoma,
D:\my_project\glaucoma\1213_left.jpg,glaucoma,
D:\my_project\glaucoma\1213_right.jpg,glaucoma,
D:\my_project\glaucoma\1214_right.jpg,glaucoma,
D:\my_project\glaucoma\1215_left.jpg,glaucoma,
D:\my_project\glaucoma\1215_right.jpg,glaucoma,
D:\my_project\glaucoma\1216_left.jpg,glaucoma,
D:\my_project\glaucoma\1216_right.jpg,glaucoma,
D:\my_project\glaucoma\1217_left.jpg,glaucoma,
D:\my_project\glaucoma\1217_right.jpg,glaucoma,
D:\my_project\glaucoma\1218_left.jpg,glaucoma,
D:\my_project\glaucoma\1218_right.jpg,glaucoma,
D:\my_project\glaucoma\1220_left.jpg,glaucoma,
D:\my_project\glaucoma\1220_right.jpg,glaucoma,
D:\my_project\glaucoma\1221_left.jpg,glaucoma,
D:\my_project\glaucoma\1221_right.jpg,glaucoma,
D:\my_project\glaucoma\1222_left.jpg,glaucoma,
D:\my_project\glaucoma\1222_right.jpg,glaucoma,
D:\my_project\glaucoma\1225_left.jpg,glaucoma,
D:\my_project\glaucoma\1225_right.jpg,glaucoma,
D:\my_project\glaucoma\1226_left.jpg,glaucoma,
D:\my_project\glaucoma\1226_right.jpg,glaucoma,
D:\my_project\glaucoma\1227_left.jpg,glaucoma,
D:\my_project\glaucoma\1227_right.jpg,glaucoma,
D:\my_project\glaucoma\1228_left.jpg,glaucoma,
D:\my_project\glaucoma\1229_left.jpg,glaucoma,
D:\my_project\glaucoma\1229_right.jpg,glaucoma,
D:\my_project\glaucoma\1230_left.jpg,glaucoma,
D:\my_project\glaucoma\1230_right.jpg,glaucoma,
D:\my_project\glaucoma\1231_left.jpg,glaucoma,
D:\my_project\glaucoma\1231_right.jpg,glaucoma,
D:\my_project\glaucoma\1232_left.jpg,glaucoma,
D:\my_project\glaucoma\1232_right.jpg,glaucoma,
D:\my_project\glaucoma\1234_left.jpg,glaucoma,
D:\my_project\glaucoma\1234_right.jpg,glaucoma,
D:\my_project\glaucoma\1237_left.jpg,glaucoma,
D:\my_project\glaucoma\1237_right.jpg,glaucoma,
D:\my_project\glaucoma\1238_right.jpg,glaucoma,
D:\my_project\glaucoma\1239_left.jpg,glaucoma,
D:\my_project\glaucoma\1239_right.jpg,glaucoma,
D:\my_project\glaucoma\1241_left.jpg,glaucoma,
D:\my_project\glaucoma\1241_right.jpg,glaucoma,
D:\my_project\glaucoma\1243_right.jpg,glaucoma,
D:\my_project\glaucoma\1246_left.jpg,glaucoma,
D:\my_project\glaucoma\1246_right.jpg,glaucoma,
D:\my_project\glaucoma\1247_left.jpg,glaucoma,
D:\my_project\glaucoma\1247_right.jpg,glaucoma,
D:\my_project\glaucoma\1248_left.jpg,glaucoma,
D:\my_project\glaucoma\1248_right.jpg,glaucoma,
D:\my_project\glaucoma\1251_left.jpg,glaucoma,
D:\my_project\glaucoma\1254_right.jpg,glaucoma,
D:\my_project\glaucoma\1255_left.jpg,glaucoma,
D:\my_project\glaucoma\1255_right.jpg,glaucoma,
D:\my_project\glaucoma\1256_left.jpg,glaucoma,
D:\my_project\glaucoma\1256_right.jpg,glaucoma,
D:\my_project\glaucoma\1258_left.jpg,glaucoma,
D:\my_project\glaucoma\1258_right.jpg,glaucoma,
D:\my_project\glaucoma\1259_left.jpg,glaucoma,
D:\my_project\glaucoma\1259_right.jpg,glaucoma,
D:\my_project\glaucoma\1260_left.jpg,glaucoma,
D:\my_project\glaucoma\1260_right.jpg,glaucoma,
D:\my_project\glaucoma\1261_left.jpg,glaucoma,
D:\my_project\glaucoma\1261_right.jpg,glaucoma,
D:\my_project\glaucoma\1263_right.jpg,glaucoma,
D:\my_project\glaucoma\1265_left.jpg,glaucoma,
D:\my_project\glaucoma\1265_right.jpg,glaucoma,
D:\my_project\glaucoma\1266_left.jpg,glaucoma,
D:\my_project\glaucoma\1266_right.jpg,glaucoma,
D:\my_project\glaucoma\1267_left.jpg,glaucoma,
D:\my_project\glaucoma\1267_right.jpg,glaucoma,
D:\my_project\glaucoma\1268_left.jpg,glaucoma,
D:\my_project\glaucoma\1268_right.jpg,glaucoma,
D:\my_project\glaucoma\1269_left.jpg,glaucoma,
D:\my_project\glaucoma\1269_right.jpg,glaucoma,
D:\my_project\glaucoma\1270_left.jpg,glaucoma,
D:\my_project\glaucoma\1270_right.jpg,glaucoma,
D:\my_project\glaucoma\1271_left.jpg,glaucoma,
D:\my_project\glaucoma\1271_right.jpg,glaucoma,
D:\my_project\glaucoma\1272_left.jpg,glaucoma,
D:\my_project\glaucoma\1272_right.jpg,glaucoma,
D:\my_project\glaucoma\1273_right.jpg,glaucoma,
D:\my_project\glaucoma\1276_left.jpg,glaucoma,
D:\my_project\glaucoma\1276_right.jpg,glaucoma,
D:\my_project\glaucoma\1277_left.jpg,glaucoma,
D:\my_project\glaucoma\1277_right.jpg,glaucoma,
D:\my_project\glaucoma\1279_left.jpg,glaucoma,
D:\my_project\glaucoma\1279_right.jpg,glaucoma,
D:\my_project\glaucoma\1280_left.jpg,glaucoma,
D:\my_project\glaucoma\1281_left.jpg,glaucoma,
D:\my_project\glaucoma\1281_right.jpg,glaucoma,
D:\my_project\glaucoma\1282_left.jpg,glaucoma,
D:\my_project\glaucoma\1282_right.jpg,glaucoma,
D:\my_project\glaucoma\1284_left.jpg,glaucoma,
D:\my_project\glaucoma\1284_right.jpg,glaucoma,
D:\my_project\glaucoma\1286_left.jpg,glaucoma,
D:\my_project\glaucoma\1286_right.jpg,glaucoma,
D:\my_project\glaucoma\1287_left.jpg,glaucoma,
D:\my_project\glaucoma\1287_right.jpg,glaucoma,
D:\my_project\glaucoma\1288_left.jpg,glaucoma,
D:\my_project\glaucoma\1288_right.jpg,glaucoma,
D:\my_project\glaucoma\1289_left.jpg,glaucoma,
D:\my_project\glaucoma\1289_right.jpg,glaucoma,
D:\my_project\glaucoma\1290_left.jpg,glaucoma,
D:\my_project\glaucoma\1290_right.jpg,glaucoma,
D:\my_project\glaucoma\1291_left.jpg,glaucoma,
D:\my_project\glaucoma\1291_right.jpg,glaucoma,
D:\my_project\glaucoma\1294_left.jpg,glaucoma,
D:\my_project\glaucoma\1294_right.jpg,glaucoma,
D:\my_project\glaucoma\1297_left.jpg,glaucoma,
D:\my_project\glaucoma\1297_right.jpg,glaucoma,
D:\my_project\glaucoma\1301_left.jpg,glaucoma,
D:\my_project\glaucoma\1301_right.jpg,glaucoma,
D:\my_project\glaucoma\1302_left.jpg,glaucoma,
D:\my_project\glaucoma\1302_right.jpg,glaucoma,
D:\my_project\glaucoma\1303_left.jpg,glaucoma,
D:\my_project\glaucoma\1306_left.jpg,glaucoma,
D:\my_project\glaucoma\1306_right.jpg,glaucoma,
D:\my_project\glaucoma\1307_left.jpg,glaucoma,
D:\my_project\glaucoma\1307_right.jpg,glaucoma,
D:\my_project\glaucoma\1309_left.jpg,glaucoma,
D:\my_project\glaucoma\1309_right.jpg,glaucoma,
D:\my_project\glaucoma\1314_left.jpg,glaucoma,
D:\my_project\glaucoma\1314_right.jpg,glaucoma,
D:\my_project\glaucoma\1318_left.jpg,glaucoma,
D:\my_project\glaucoma\1318_right.jpg,glaucoma,
D:\my_project\glaucoma\1319_right.jpg,glaucoma,
D:\my_project\glaucoma\1325_left.jpg,glaucoma,
D:\my_project\glaucoma\1325_right.jpg,glaucoma,
D:\my_project\glaucoma\1327_left.jpg,glaucoma,
D:\my_project\glaucoma\1327_right.jpg,glaucoma,
D:\my_project\glaucoma\1330_left.jpg,glaucoma,
D:\my_project\glaucoma\1330_right.jpg,glaucoma,
D:\my_project\glaucoma\1334_left.jpg,glaucoma,
D:\my_project\glaucoma\1334_right.jpg,glaucoma,
D:\my_project\glaucoma\1344_left.jpg,glaucoma,
D:\my_project\glaucoma\1344_right.jpg,glaucoma,
D:\my_project\glaucoma\1345_left.jpg,glaucoma,
D:\my_project\glaucoma\1345_right.jpg,glaucoma,
D:\my_project\glaucoma\1351_left.jpg,glaucoma,
D:\my_project\glaucoma\1351_right.jpg,glaucoma,
D:\my_project\glaucoma\1352_left.jpg,glaucoma,
D:\my_project\glaucoma\1352_right.jpg,glaucoma,
D:\my_project\glaucoma\1353_left.jpg,glaucoma,
D:\my_project\glaucoma\1353_right.jpg,glaucoma,
D:\my_project\glaucoma\1362_left.jpg,glaucoma,
D:\my_project\glaucoma\1362_right.jpg,glaucoma,
D:\my_project\glaucoma\1365_left.jpg,glaucoma,
D:\my_project\glaucoma\1365_right.jpg,glaucoma,
D:\my_project\glaucoma\1369_left.jpg,glaucoma,
D:\my_project\glaucoma\1371_left.jpg,glaucoma,
D:\my_project\glaucoma\1371_right.jpg,glaucoma,
D:\my_project\glaucoma\1374_left.jpg,glaucoma,
D:\my_project\glaucoma\1374_right.jpg,glaucoma,
D:\my_project\glaucoma\1377_right.jpg,glaucoma,
D:\my_project\glaucoma\1378_right.jpg,glaucoma,
D:\my_project\glaucoma\1383_left.jpg,glaucoma,
D:\my_project\glaucoma\1386_left.jpg,glaucoma,
D:\my_project\glaucoma\1386_right.jpg,glaucoma,
D:\my_project\glaucoma\1388_right.jpg,glaucoma,
D:\my_project\glaucoma\1389_left.jpg,glaucoma,
D:\my_project\glaucoma\1389_right.jpg,glaucoma,
D:\my_project\glaucoma\1392_left.jpg,glaucoma,
D:\my_project\glaucoma\1392_right.jpg,glaucoma,
D:\my_project\glaucoma\1393_right.jpg,glaucoma,
D:\my_project\glaucoma\1396_left.jpg,glaucoma,
D:\my_project\glaucoma\1397_left.jpg,glaucoma,
D:\my_project\glaucoma\1402_left.jpg,glaucoma,
D:\my_project\glaucoma\1404_left.jpg,glaucoma,
D:\my_project\glaucoma\1405_left.jpg,glaucoma,
D:\my_project\glaucoma\1406_left.jpg,glaucoma,
D:\my_project\glaucoma\1408_right.jpg,glaucoma,
D:\my_project\glaucoma\1409_right.jpg,glaucoma,
D:\my_project\glaucoma\1410_left.jpg,glaucoma,
D:\my_project\glaucoma\1411_left.jpg,glaucoma,
D:\my_project\glaucoma\1411_right.jpg,glaucoma,
D:\my_project\glaucoma\1412_right.jpg,glaucoma,
D:\my_project\glaucoma\1413_right.jpg,glaucoma,
D:\my_project\glaucoma\1414_left.jpg,glaucoma,
D:\my_project\glaucoma\1415_right.jpg,glaucoma,
D:\my_project\glaucoma\1416_right.jpg,glaucoma,
D:\my_project\glaucoma\1417_right.jpg,glaucoma,
D:\my_project\glaucoma\1418_left.jpg,glaucoma,
D:\my_project\glaucoma\1419_left.jpg,glaucoma,
D:\my_project\glaucoma\1420_right.jpg,glaucoma,
D:\my_project\glaucoma\1421_left.jpg,glaucoma,
D:\my_project\glaucoma\1423_left.jpg,glaucoma,
D:\my_project\glaucoma\1424_left.jpg,glaucoma,
D:\my_project\glaucoma\1425_right.jpg,glaucoma,
D:\my_project\glaucoma\1426_left.jpg,glaucoma,
D:\my_project\glaucoma\1427_right.jpg,glaucoma,
D:\my_project\glaucoma\1428_left.jpg,glaucoma,
D:\my_project\glaucoma\1429_left.jpg,glaucoma,
D:\my_project\glaucoma\1431_left.jpg,glaucoma,
D:\my_project\glaucoma\1431_right.jpg,glaucoma,
D:\my_project\glaucoma\1433_left.jpg,glaucoma,
D:\my_project\glaucoma\1433_right.jpg,glaucoma,
D:\my_project\glaucoma\1434_left.jpg,glaucoma,
D:\my_project\glaucoma\1434_right.jpg,glaucoma,
D:\my_project\glaucoma\1436_left.jpg,glaucoma,
D:\my_project\glaucoma\1436_right.jpg,glaucoma,
D:\my_project\glaucoma\1439_left.jpg,glaucoma,
D:\my_project\glaucoma\1440_left.jpg,glaucoma,
D:\my_project\glaucoma\1440_right.jpg,glaucoma,
D:\my_project\glaucoma\1441_left.jpg,glaucoma,
D:\my_project\glaucoma\1442_left.jpg,glaucoma,
D:\my_project\glaucoma\1443_left.jpg,glaucoma,
D:\my_project\glaucoma\1443_right.jpg,glaucoma,
D:\my_project\glaucoma\1447_left.jpg,glaucoma,
D:\my_project\glaucoma\1450_left.jpg,glaucoma,
D:\my_project\glaucoma\1453_right.jpg,glaucoma,
D:\my_project\glaucoma\1458_left.jpg,glaucoma,
D:\my_project\glaucoma\1458_right.jpg,glaucoma,
D:\my_project\glaucoma\1462_left.jpg,glaucoma,
D:\my_project\glaucoma\1465_right.jpg,glaucoma,
D:\my_project\glaucoma\1469_left.jpg,glaucoma,
D:\my_project\glaucoma\1469_right.jpg,glaucoma,
D:\my_project\glaucoma\1470_left.jpg,glaucoma,
D:\my_project\glaucoma\1470_right.jpg,glaucoma,
D:\my_project\glaucoma\1471_left.jpg,glaucoma,
D:\my_project\glaucoma\1473_left.jpg,glaucoma,
D:\my_project\glaucoma\1473_right.jpg,glaucoma,
D:\my_project\glaucoma\1474_left.jpg,glaucoma,
D:\my_project\glaucoma\1476_right.jpg,glaucoma,
D:\my_project\glaucoma\1477_left.jpg,glaucoma,
D:\my_project\glaucoma\1477_right.jpg,glaucoma,
D:\my_project\glaucoma\1478_left.jpg,glaucoma,
D:\my_project\glaucoma\1479_left.jpg,glaucoma,
D:\my_project\glaucoma\1480_right.jpg,glaucoma,
D:\my_project\glaucoma\1482_left.jpg,glaucoma,
D:\my_project\glaucoma\1485_right.jpg,glaucoma,
D:\my_project\glaucoma\1486_left.jpg,glaucoma,
D:\my_project\glaucoma\1487_left.jpg,glaucoma,
D:\my_project\glaucoma\1487_right.jpg,glaucoma,
D:\my_project\glaucoma\1488_left.jpg,glaucoma,
D:\my_project\glaucoma\1488_right.jpg,glaucoma,
D:\my_project\glaucoma\1489_left.jpg,glaucoma,
D:\my_project\glaucoma\1491_left.jpg,glaucoma,
D:\my_project\glaucoma\1492_left.jpg,glaucoma,
D:\my_project\glaucoma\1492_right.jpg,glaucoma,
D:\my_project\glaucoma\1493_left.jpg,glaucoma,
D:\my_project\glaucoma\1494_left.jpg,glaucoma,
D:\my_project\glaucoma\1495_left.jpg,glaucoma,
D:\my_project\glaucoma\1495_right.jpg,glaucoma,
D:\my_project\glaucoma\1496_right.jpg,glaucoma,
D:\my_project\glaucoma\1497_left.jpg,glaucoma,
D:\my_project\glaucoma\1497_right.jpg,glaucoma,
D:\my_project\glaucoma\1498_left.jpg,glaucoma,
D:\my_project\glaucoma\1503_right.jpg,glaucoma,
D:\my_project\glaucoma\1507_right.jpg,glaucoma,
D:\my_project\glaucoma\1510_right.jpg,glaucoma,
D:\my_project\glaucoma\1514_left.jpg,glaucoma,
D:\my_project\glaucoma\1515_left.jpg,glaucoma,
D:\my_project\glaucoma\153_left.jpg,glaucoma,
D:\my_project\glaucoma\167_left.jpg,glaucoma,
D:\my_project\glaucoma\167_right.jpg,glaucoma,
D:\my_project\glaucoma\178_left.jpg,glaucoma,
D:\my_project\glaucoma\1881_left.jpg,glaucoma,
D:\my_project\glaucoma\1881_right.jpg,glaucoma,
D:\my_project\glaucoma\1959_left.jpg,glaucoma,
D:\my_project\glaucoma\1959_right.jpg,glaucoma,
D:\my_project\glaucoma\1963_right.jpg,glaucoma,
D:\my_project\glaucoma\1964_left.jpg,glaucoma,
D:\my_project\glaucoma\1965_left.jpg,glaucoma,
D:\my_project\glaucoma\1967_left.jpg,glaucoma,
D:\my_project\glaucoma\1967_right.jpg,glaucoma,
D:\my_project\glaucoma\1970_left.jpg,glaucoma,
D:\my_project\glaucoma\1971_left.jpg,glaucoma,
D:\my_project\glaucoma\1975_left.jpg,glaucoma,
D:\my_project\glaucoma\1977_left.jpg,glaucoma,
D:\my_project\glaucoma\1977_right.jpg,glaucoma,
D:\my_project\glaucoma\1985_left.jpg,glaucoma,
D:\my_project\glaucoma\1986_left.jpg,glaucoma,
D:\my_project\glaucoma\1990_right.jpg,glaucoma,
D:\my_project\glaucoma\1999_right.jpg,glaucoma,
D:\my_project\glaucoma\2006_left.jpg,glaucoma,
D:\my_project\glaucoma\2010_left.jpg,glaucoma,
D:\my_project\glaucoma\2020_left.jpg,glaucoma,
D:\my_project\glaucoma\2030_left.jpg,glaucoma,
D:\my_project\glaucoma\2030_right.jpg,glaucoma,
D:\my_project\glaucoma\2032_right.jpg,glaucoma,
D:\my_project\glaucoma\2041_left.jpg,glaucoma,
D:\my_project\glaucoma\2048_right.jpg,glaucoma,
D:\my_project\glaucoma\2063_left.jpg,glaucoma,
D:\my_project\glaucoma\2063_right.jpg,glaucoma,
D:\my_project\glaucoma\2074_left.jpg,glaucoma,
D:\my_project\glaucoma\238_right.jpg,glaucoma,
D:\my_project\glaucoma\247_left.jpg,glaucoma,
D:\my_project\glaucoma\247_right.jpg,glaucoma,
D:\my_project\glaucoma\365_left.jpg,glaucoma,
D:\my_project\glaucoma\365_right.jpg,glaucoma,
D:\my_project\glaucoma\43_right.jpg,glaucoma,
D:\my_project\glaucoma\583_left.jpg,glaucoma,
D:\my_project\glaucoma\583_right.jpg,glaucoma,
D:\my_project\glaucoma\625_left.jpg,glaucoma,
D:\my_project\glaucoma\746_left.jpg,glaucoma,
D:\my_project\glaucoma\746_right.jpg,glaucoma,
D:\my_project\glaucoma\931_left.jpg,glaucoma,
D:\my_project\glaucoma\931_right.jpg,glaucoma,
D:\my_project\glaucoma\95_left.jpg,glaucoma,
D:\my_project\glaucoma\_0_4517448.jpg,glaucoma,
D:\my_project\glaucoma\_100_3108233.jpg,glaucoma,
D:\my_project\glaucoma\_100_965860.jpg,glaucoma,
D:\my_project\glaucoma\_101_9321817.jpg,glaucoma,
D:\my_project\glaucoma\_102_5502806.jpg,glaucoma,
D:\my_project\glaucoma\_103_1487378.jpg,glaucoma,
D:\my_project\glaucoma\_104_4154423.jpg,glaucoma,
D:\my_project\glaucoma\_104_9271975.jpg,glaucoma,
D:\my_project\glaucoma\_105_3766522.jpg,glaucoma,
D:\my_project\glaucoma\_105_9159338.jpg,glaucoma,
D:\my_project\glaucoma\_106_1940079.jpg,glaucoma,
D:\my_project\glaucoma\_106_4788402.jpg,glaucoma,
D:\my_project\glaucoma\_107_1720806.jpg,glaucoma,
D:\my_project\glaucoma\_107_7535300.jpg,glaucoma,
D:\my_project\glaucoma\_108_4678854.jpg,glaucoma,
D:\my_project\glaucoma\_108_9870998.jpg,glaucoma,
D:\my_project\glaucoma\_109_6854077.jpg,glaucoma,
D:\my_project\glaucoma\_109_7080739.jpg,glaucoma,
D:\my_project\glaucoma\_10_1472170.jpg,glaucoma,
D:\my_project\glaucoma\_10_2555943.jpg,glaucoma,
D:\my_project\glaucoma\_110_299285.jpg,glaucoma,
D:\my_project\glaucoma\_110_8391204.jpg,glaucoma,
D:\my_project\glaucoma\_111_1685203.jpg,glaucoma,
D:\my_project\glaucoma\_112_6810179.jpg,glaucoma,
D:\my_project\glaucoma\_113_3440509.jpg,glaucoma,
D:\my_project\glaucoma\_113_8738972.jpg,glaucoma,
D:\my_project\glaucoma\_114_4182799.jpg,glaucoma,
D:\my_project\glaucoma\_114_6608378.jpg,glaucoma,
D:\my_project\glaucoma\_115_501708.jpg,glaucoma,
D:\my_project\glaucoma\_116_1943666.jpg,glaucoma,
D:\my_project\glaucoma\_116_5760701.jpg,glaucoma,
D:\my_project\glaucoma\_117_8186757.jpg,glaucoma,
D:\my_project\glaucoma\_118_6838709.jpg,glaucoma,
D:\my_project\glaucoma\_119_16937.jpg,glaucoma,
D:\my_project\glaucoma\_11_6435526.jpg,glaucoma,
D:\my_project\glaucoma\_11_7116915.jpg,glaucoma,
D:\my_project\glaucoma\_120_7137220.jpg,glaucoma,
D:\my_project\glaucoma\_120_7704110.jpg,glaucoma,
D:\my_project\glaucoma\_121_1901719.jpg,glaucoma,
D:\my_project\glaucoma\_121_2837450.jpg,glaucoma,
D:\my_project\glaucoma\_122_7081164.jpg,glaucoma,
D:\my_project\glaucoma\_123_2897373.jpg,glaucoma,
D:\my_project\glaucoma\_123_6574789.jpg,glaucoma,
D:\my_project\glaucoma\_124_11722.jpg,glaucoma,
D:\my_project\glaucoma\_124_7084348.jpg,glaucoma,
D:\my_project\glaucoma\_125_8676573.jpg,glaucoma,
D:\my_project\glaucoma\_126_6964713.jpg,glaucoma,
D:\my_project\glaucoma\_127_5473291.jpg,glaucoma,
D:\my_project\glaucoma\_128_2241332.jpg,glaucoma,
D:\my_project\glaucoma\_129_2098170.jpg,glaucoma,
D:\my_project\glaucoma\_12_3840622.jpg,glaucoma,
D:\my_project\glaucoma\_12_5295071.jpg,glaucoma,
D:\my_project\glaucoma\_130_3806382.jpg,glaucoma,
D:\my_project\glaucoma\_130_4811607.jpg,glaucoma,
D:\my_project\glaucoma\_131_7117664.jpg,glaucoma,
D:\my_project\glaucoma\_132_989976.jpg,glaucoma,
D:\my_project\glaucoma\_133_3238309.jpg,glaucoma,
D:\my_project\glaucoma\_133_9343456.jpg,glaucoma,
D:\my_project\glaucoma\_134_3244278.jpg,glaucoma,
D:\my_project\glaucoma\_134_8496063.jpg,glaucoma,
D:\my_project\glaucoma\_135_2706541.jpg,glaucoma,
D:\my_project\glaucoma\_136_9296374.jpg,glaucoma,
D:\my_project\glaucoma\_137_1824460.jpg,glaucoma,
D:\my_project\glaucoma\_138_2633578.jpg,glaucoma,
D:\my_project\glaucoma\_139_2849264.jpg,glaucoma,
D:\my_project\glaucoma\_13_697490.jpg,glaucoma,
D:\my_project\glaucoma\_13_8126689.jpg,glaucoma,
D:\my_project\glaucoma\_140_1036922.jpg,glaucoma,
D:\my_project\glaucoma\_141_1074732.jpg,glaucoma,
D:\my_project\glaucoma\_142_682945.jpg,glaucoma,
D:\my_project\glaucoma\_143_7392909.jpg,glaucoma,
D:\my_project\glaucoma\_143_7549980.jpg,glaucoma,
D:\my_project\glaucoma\_144_611038.jpg,glaucoma,
D:\my_project\glaucoma\_145_2135273.jpg,glaucoma,
D:\my_project\glaucoma\_145_9843041.jpg,glaucoma,
D:\my_project\glaucoma\_146_6435949.jpg,glaucoma,
D:\my_project\glaucoma\_146_8129711.jpg,glaucoma,
D:\my_project\glaucoma\_147_9123662.jpg,glaucoma,
D:\my_project\glaucoma\_147_9725919.jpg,glaucoma,
D:\my_project\glaucoma\_148_3847249.jpg,glaucoma,
D:\my_project\glaucoma\_148_9432356.jpg,glaucoma,
D:\my_project\glaucoma\_149_7432879.jpg,glaucoma,
D:\my_project\glaucoma\_14_3746939.jpg,glaucoma,
D:\my_project\glaucoma\_150_5894989.jpg,glaucoma,
D:\my_project\glaucoma\_151_3685359.jpg,glaucoma,
D:\my_project\glaucoma\_152_3014051.jpg,glaucoma,
D:\my_project\glaucoma\_153_9723315.jpg,glaucoma,
D:\my_project\glaucoma\_154_6297009.jpg,glaucoma,
D:\my_project\glaucoma\_155_1218981.jpg,glaucoma,
D:\my_project\glaucoma\_155_4972319.jpg,glaucoma,
D:\my_project\glaucoma\_156_1243799.jpg,glaucoma,
D:\my_project\glaucoma\_157_6473114.jpg,glaucoma,
D:\my_project\glaucoma\_157_7971265.jpg,glaucoma,
D:\my_project\glaucoma\_158_2390292.jpg,glaucoma,
D:\my_project\glaucoma\_158_8802624.jpg,glaucoma,
D:\my_project\glaucoma\_159_52965.jpg,glaucoma,
D:\my_project\glaucoma\_15_1523968.jpg,glaucoma,
D:\my_project\glaucoma\_15_5946153.jpg,glaucoma,
D:\my_project\glaucoma\_160_3285565.jpg,glaucoma,
D:\my_project\glaucoma\_160_6175019.jpg,glaucoma,
D:\my_project\glaucoma\_161_1354200.jpg,glaucoma,
D:\my_project\glaucoma\_161_5855059.jpg,glaucoma,
D:\my_project\glaucoma\_162_6327245.jpg,glaucoma,
D:\my_project\glaucoma\_163_4618487.jpg,glaucoma,
D:\my_project\glaucoma\_163_6292807.jpg,glaucoma,
D:\my_project\glaucoma\_164_2916527.jpg,glaucoma,
D:\my_project\glaucoma\_164_5685997.jpg,glaucoma,
D:\my_project\glaucoma\_165_3717126.jpg,glaucoma,
D:\my_project\glaucoma\_165_6911194.jpg,glaucoma,
D:\my_project\glaucoma\_166_5592889.jpg,glaucoma,
D:\my_project\glaucoma\_166_613935.jpg,glaucoma,
D:\my_project\glaucoma\_167_1325871.jpg,glaucoma,
D:\my_project\glaucoma\_168_211365.jpg,glaucoma,
D:\my_project\glaucoma\_169_5017005.jpg,glaucoma,
D:\my_project\glaucoma\_16_2996330.jpg,glaucoma,
D:\my_project\glaucoma\_16_8305794.jpg,glaucoma,
D:\my_project\glaucoma\_170_2345909.jpg,glaucoma,
D:\my_project\glaucoma\_171_4736817.jpg,glaucoma,
D:\my_project\glaucoma\_171_8366749.jpg,glaucoma,
D:\my_project\glaucoma\_172_2814012.jpg,glaucoma,
D:\my_project\glaucoma\_172_4383599.jpg,glaucoma,
D:\my_project\glaucoma\_173_7165688.jpg,glaucoma,
D:\my_project\glaucoma\_174_2440424.jpg,glaucoma,
D:\my_project\glaucoma\_175_9511671.jpg,glaucoma,
D:\my_project\glaucoma\_176_88942.jpg,glaucoma,
D:\my_project\glaucoma\_177_4666662.jpg,glaucoma,
D:\my_project\glaucoma\_177_7654905.jpg,glaucoma,
D:\my_project\glaucoma\_178_2720223.jpg,glaucoma,
D:\my_project\glaucoma\_179_3204648.jpg,glaucoma,
D:\my_project\glaucoma\_179_5369827.jpg,glaucoma,
D:\my_project\glaucoma\_17_7347013.jpg,glaucoma,
D:\my_project\glaucoma\_180_6449017.jpg,glaucoma,
D:\my_project\glaucoma\_181_552191.jpg,glaucoma,
D:\my_project\glaucoma\_182_6536787.jpg,glaucoma,
D:\my_project\glaucoma\_182_8751077.jpg,glaucoma,
D:\my_project\glaucoma\_183_3784240.jpg,glaucoma,
D:\my_project\glaucoma\_184_4892495.jpg,glaucoma,
D:\my_project\glaucoma\_184_7806010.jpg,glaucoma,
D:\my_project\glaucoma\_185_1242583.jpg,glaucoma,
D:\my_project\glaucoma\_185_7833633.jpg,glaucoma,
D:\my_project\glaucoma\_186_2505679.jpg,glaucoma,
D:\my_project\glaucoma\_186_3309365.jpg,glaucoma,
D:\my_project\glaucoma\_187_6167645.jpg,glaucoma,
D:\my_project\glaucoma\_187_9314717.jpg,glaucoma,
D:\my_project\glaucoma\_188_1477185.jpg,glaucoma,
D:\my_project\glaucoma\_188_6021497.jpg,glaucoma,
D:\my_project\glaucoma\_189_1240865.jpg,glaucoma,
D:\my_project\glaucoma\_189_3602727.jpg,glaucoma,
D:\my_project\glaucoma\_18_2435759.jpg,glaucoma,
D:\my_project\glaucoma\_190_7463607.jpg,glaucoma,
D:\my_project\glaucoma\_191_4454313.jpg,glaucoma,
D:\my_project\glaucoma\_191_6264437.jpg,glaucoma,
D:\my_project\glaucoma\_192_1534346.jpg,glaucoma,
D:\my_project\glaucoma\_192_8262976.jpg,glaucoma,
D:\my_project\glaucoma\_193_7700887.jpg,glaucoma,
D:\my_project\glaucoma\_193_8669043.jpg,glaucoma,
D:\my_project\glaucoma\_194_8950727.jpg,glaucoma,
D:\my_project\glaucoma\_195_1040294.jpg,glaucoma,
D:\my_project\glaucoma\_195_8472436.jpg,glaucoma,
D:\my_project\glaucoma\_196_3505519.jpg,glaucoma,
D:\my_project\glaucoma\_196_9338682.jpg,glaucoma,
D:\my_project\glaucoma\_197_5727246.jpg,glaucoma,
D:\my_project\glaucoma\_197_9225516.jpg,glaucoma,
D:\my_project\glaucoma\_198_4839828.jpg,glaucoma,
D:\my_project\glaucoma\_198_8291898.jpg,glaucoma,
D:\my_project\glaucoma\_199_1326301.jpg,glaucoma,
D:\my_project\glaucoma\_199_7083786.jpg,glaucoma,
D:\my_project\glaucoma\_19_6182574.jpg,glaucoma,
D:\my_project\glaucoma\_19_7932720.jpg,glaucoma,
D:\my_project\glaucoma\_1_4540560.jpg,glaucoma,
D:\my_project\glaucoma\_200_8005975.jpg,glaucoma,
D:\my_project\glaucoma\_201_387458.jpg,glaucoma,
D:\my_project\glaucoma\_201_9193232.jpg,glaucoma,
D:\my_project\glaucoma\_202_7508135.jpg,glaucoma,
D:\my_project\glaucoma\_203_5093586.jpg,glaucoma,
D:\my_project\glaucoma\_203_5167688.jpg,glaucoma,
D:\my_project\glaucoma\_204_6942835.jpg,glaucoma,
D:\my_project\glaucoma\_204_7650115.jpg,glaucoma,
D:\my_project\glaucoma\_205_310538.jpg,glaucoma,
D:\my_project\glaucoma\_205_8557164.jpg,glaucoma,
D:\my_project\glaucoma\_206_1459040.jpg,glaucoma,
D:\my_project\glaucoma\_206_5637335.jpg,glaucoma,
D:\my_project\glaucoma\_207_6246518.jpg,glaucoma,
D:\my_project\glaucoma\_207_7240075.jpg,glaucoma,
D:\my_project\glaucoma\_208_7827214.jpg,glaucoma,
D:\my_project\glaucoma\_209_6790686.jpg,glaucoma,
D:\my_project\glaucoma\_20_5240419.jpg,glaucoma,
D:\my_project\glaucoma\_20_7421444.jpg,glaucoma,
D:\my_project\glaucoma\_210_840898.jpg,glaucoma,
D:\my_project\glaucoma\_211_3409683.jpg,glaucoma,
D:\my_project\glaucoma\_211_3554467.jpg,glaucoma,
D:\my_project\glaucoma\_212_5947972.jpg,glaucoma,
D:\my_project\glaucoma\_213_2572866.jpg,glaucoma,
D:\my_project\glaucoma\_213_4395697.jpg,glaucoma,
D:\my_project\glaucoma\_214_6540926.jpg,glaucoma,
D:\my_project\glaucoma\_215_6808791.jpg,glaucoma,
D:\my_project\glaucoma\_216_1547406.jpg,glaucoma,
D:\my_project\glaucoma\_217_6214632.jpg,glaucoma,
D:\my_project\glaucoma\_218_8917311.jpg,glaucoma,
D:\my_project\glaucoma\_219_4035148.jpg,glaucoma,
D:\my_project\glaucoma\_219_5715309.jpg,glaucoma,
D:\my_project\glaucoma\_21_1293428.jpg,glaucoma,
D:\my_project\glaucoma\_220_1375140.jpg,glaucoma,
D:\my_project\glaucoma\_220_7711405.jpg,glaucoma,
D:\my_project\glaucoma\_221_3079640.jpg,glaucoma,
D:\my_project\glaucoma\_221_5014924.jpg,glaucoma,
D:\my_project\glaucoma\_222_8813596.jpg,glaucoma,
D:\my_project\glaucoma\_223_2293487.jpg,glaucoma,
D:\my_project\glaucoma\_223_380742.jpg,glaucoma,
D:\my_project\glaucoma\_224_5329904.jpg,glaucoma,
D:\my_project\glaucoma\_225_247208.jpg,glaucoma,
D:\my_project\glaucoma\_226_4398457.jpg,glaucoma,
D:\my_project\glaucoma\_227_1784248.jpg,glaucoma,
D:\my_project\glaucoma\_227_2716085.jpg,glaucoma,
D:\my_project\glaucoma\_228_775182.jpg,glaucoma,
D:\my_project\glaucoma\_229_5944044.jpg,glaucoma,
D:\my_project\glaucoma\_22_1469685.jpg,glaucoma,
D:\my_project\glaucoma\_22_8539479.jpg,glaucoma,
D:\my_project\glaucoma\_230_7804467.jpg,glaucoma,
D:\my_project\glaucoma\_231_4877279.jpg,glaucoma,
D:\my_project\glaucoma\_231_7452050.jpg,glaucoma,
D:\my_project\glaucoma\_232_7378783.jpg,glaucoma,
D:\my_project\glaucoma\_232_9030219.jpg,glaucoma,
D:\my_project\glaucoma\_233_3404764.jpg,glaucoma,
D:\my_project\glaucoma\_234_5883794.jpg,glaucoma,
D:\my_project\glaucoma\_235_1365390.jpg,glaucoma,
D:\my_project\glaucoma\_235_7683512.jpg,glaucoma,
D:\my_project\glaucoma\_236_6447023.jpg,glaucoma,
D:\my_project\glaucoma\_236_8014695.jpg,glaucoma,
D:\my_project\glaucoma\_237_8364169.jpg,glaucoma,
D:\my_project\glaucoma\_238_9493538.jpg,glaucoma,
D:\my_project\glaucoma\_239_5512637.jpg,glaucoma,
D:\my_project\glaucoma\_23_8081299.jpg,glaucoma,
D:\my_project\glaucoma\_240_968094.jpg,glaucoma,
D:\my_project\glaucoma\_241_1530591.jpg,glaucoma,
D:\my_project\glaucoma\_241_994470.jpg,glaucoma,
D:\my_project\glaucoma\_242_5062809.jpg,glaucoma,
D:\my_project\glaucoma\_242_9104523.jpg,glaucoma,
D:\my_project\glaucoma\_243_5417546.jpg,glaucoma,
D:\my_project\glaucoma\_243_95702.jpg,glaucoma,
D:\my_project\glaucoma\_244_2165755.jpg,glaucoma,
D:\my_project\glaucoma\_244_9609209.jpg,glaucoma,
D:\my_project\glaucoma\_245_5517087.jpg,glaucoma,
D:\my_project\glaucoma\_246_1688391.jpg,glaucoma,
D:\my_project\glaucoma\_247_651494.jpg,glaucoma,
D:\my_project\glaucoma\_248_1971812.jpg,glaucoma,
D:\my_project\glaucoma\_249_5342875.jpg,glaucoma,
D:\my_project\glaucoma\_249_6890690.jpg,glaucoma,
D:\my_project\glaucoma\_24_3870780.jpg,glaucoma,
D:\my_project\glaucoma\_24_5854972.jpg,glaucoma,
D:\my_project\glaucoma\_250_1327645.jpg,glaucoma,
D:\my_project\glaucoma\_251_5505179.jpg,glaucoma,
D:\my_project\glaucoma\_251_8769594.jpg,glaucoma,
D:\my_project\glaucoma\_252_4705064.jpg,glaucoma,
D:\my_project\glaucoma\_253_8425650.jpg,glaucoma,
D:\my_project\glaucoma\_254_5059705.jpg,glaucoma,
D:\my_project\glaucoma\_254_8727190.jpg,glaucoma,
D:\my_project\glaucoma\_255_4450651.jpg,glaucoma,
D:\my_project\glaucoma\_255_7511159.jpg,glaucoma,
D:\my_project\glaucoma\_256_1230567.jpg,glaucoma,
D:\my_project\glaucoma\_257_1527283.jpg,glaucoma,
D:\my_project\glaucoma\_257_3895456.jpg,glaucoma,
D:\my_project\glaucoma\_258_6391320.jpg,glaucoma,
D:\my_project\glaucoma\_259_7069358.jpg,glaucoma,
D:\my_project\glaucoma\_259_9254323.jpg,glaucoma,
D:\my_project\glaucoma\_25_9900235.jpg,glaucoma,
D:\my_project\glaucoma\_260_4814230.jpg,glaucoma,
D:\my_project\glaucoma\_261_1504984.jpg,glaucoma,
D:\my_project\glaucoma\_261_6037248.jpg,glaucoma,
D:\my_project\glaucoma\_262_3994169.jpg,glaucoma,
D:\my_project\glaucoma\_263_9132183.jpg,glaucoma,
D:\my_project\glaucoma\_263_9514192.jpg,glaucoma,
D:\my_project\glaucoma\_264_1649776.jpg,glaucoma,
D:\my_project\glaucoma\_264_8423794.jpg,glaucoma,
D:\my_project\glaucoma\_265_1562215.jpg,glaucoma,
D:\my_project\glaucoma\_266_8920656.jpg,glaucoma,
D:\my_project\glaucoma\_267_2376228.jpg,glaucoma,
D:\my_project\glaucoma\_267_8024092.jpg,glaucoma,
D:\my_project\glaucoma\_268_5781265.jpg,glaucoma,
D:\my_project\glaucoma\_269_7481383.jpg,glaucoma,
D:\my_project\glaucoma\_26_8418608.jpg,glaucoma,
D:\my_project\glaucoma\_270_6223143.jpg,glaucoma,
D:\my_project\glaucoma\_271_3328342.jpg,glaucoma,
D:\my_project\glaucoma\_271_8149720.jpg,glaucoma,
D:\my_project\glaucoma\_272_1072395.jpg,glaucoma,
D:\my_project\glaucoma\_272_9782017.jpg,glaucoma,
D:\my_project\glaucoma\_273_4238500.jpg,glaucoma,
D:\my_project\glaucoma\_274_7999199.jpg,glaucoma,
D:\my_project\glaucoma\_275_5075268.jpg,glaucoma,
D:\my_project\glaucoma\_276_1824789.jpg,glaucoma,
D:\my_project\glaucoma\_276_4038569.jpg,glaucoma,
D:\my_project\glaucoma\_277_4980424.jpg,glaucoma,
D:\my_project\glaucoma\_277_6049716.jpg,glaucoma,
D:\my_project\glaucoma\_278_2942123.jpg,glaucoma,
D:\my_project\glaucoma\_278_5245975.jpg,glaucoma,
D:\my_project\glaucoma\_279_2768381.jpg,glaucoma,
D:\my_project\glaucoma\_27_4220822.jpg,glaucoma,
D:\my_project\glaucoma\_27_8607848.jpg,glaucoma,
D:\my_project\glaucoma\_280_1941804.jpg,glaucoma,
D:\my_project\glaucoma\_280_7239687.jpg,glaucoma,
D:\my_project\glaucoma\_281_5653321.jpg,glaucoma,
D:\my_project\glaucoma\_282_487789.jpg,glaucoma,
D:\my_project\glaucoma\_282_8545700.jpg,glaucoma,
D:\my_project\glaucoma\_283_6275047.jpg,glaucoma,
D:\my_project\glaucoma\_283_8286295.jpg,glaucoma,
D:\my_project\glaucoma\_284_1723608.jpg,glaucoma,
D:\my_project\glaucoma\_284_1958940.jpg,glaucoma,
D:\my_project\glaucoma\_285_2727990.jpg,glaucoma,
D:\my_project\glaucoma\_286_2346496.jpg,glaucoma,
D:\my_project\glaucoma\_286_579920.jpg,glaucoma,
D:\my_project\glaucoma\_287_8369950.jpg,glaucoma,
D:\my_project\glaucoma\_288_1071282.jpg,glaucoma,
D:\my_project\glaucoma\_288_5661981.jpg,glaucoma,
D:\my_project\glaucoma\_289_8793154.jpg,glaucoma,
D:\my_project\glaucoma\_289_9163087.jpg,glaucoma,
D:\my_project\glaucoma\_28_7296137.jpg,glaucoma,
D:\my_project\glaucoma\_28_7928893.jpg,glaucoma,
D:\my_project\glaucoma\_290_306861.jpg,glaucoma,
D:\my_project\glaucoma\_290_5672201.jpg,glaucoma,
D:\my_project\glaucoma\_291_1967456.jpg,glaucoma,
D:\my_project\glaucoma\_292_3590459.jpg,glaucoma,
D:\my_project\glaucoma\_292_3819069.jpg,glaucoma,
D:\my_project\glaucoma\_293_1537842.jpg,glaucoma,
D:\my_project\glaucoma\_293_8683971.jpg,glaucoma,
D:\my_project\glaucoma\_294_5527908.jpg,glaucoma,
D:\my_project\glaucoma\_295_3084570.jpg,glaucoma,
D:\my_project\glaucoma\_296_3140840.jpg,glaucoma,
D:\my_project\glaucoma\_296_6754407.jpg,glaucoma,
D:\my_project\glaucoma\_297_2792482.jpg,glaucoma,
D:\my_project\glaucoma\_298_2374039.jpg,glaucoma,
D:\my_project\glaucoma\_298_4611384.jpg,glaucoma,
D:\my_project\glaucoma\_299_8359089.jpg,glaucoma,
D:\my_project\glaucoma\_29_2615629.jpg,glaucoma,
D:\my_project\glaucoma\_2_5194189.jpg,glaucoma,
D:\my_project\glaucoma\_2_8820241.jpg,glaucoma,
D:\my_project\glaucoma\_300_7433746.jpg,glaucoma,
D:\my_project\glaucoma\_300_7639707.jpg,glaucoma,
D:\my_project\glaucoma\_301_6075675.jpg,glaucoma,
D:\my_project\glaucoma\_301_8474971.jpg,glaucoma,
D:\my_project\glaucoma\_302_4887010.jpg,glaucoma,
D:\my_project\glaucoma\_303_8778566.jpg,glaucoma,
D:\my_project\glaucoma\_304_2971672.jpg,glaucoma,
D:\my_project\glaucoma\_304_434670.jpg,glaucoma,
D:\my_project\glaucoma\_305_3318957.jpg,glaucoma,
D:\my_project\glaucoma\_305_769962.jpg,glaucoma,
D:\my_project\glaucoma\_306_2695664.jpg,glaucoma,
D:\my_project\glaucoma\_307_4576620.jpg,glaucoma,
D:\my_project\glaucoma\_307_9597397.jpg,glaucoma,
D:\my_project\glaucoma\_308_7087674.jpg,glaucoma,
D:\my_project\glaucoma\_309_4110303.jpg,glaucoma,
D:\my_project\glaucoma\_30_5516177.jpg,glaucoma,
D:\my_project\glaucoma\_30_6734224.jpg,glaucoma,
D:\my_project\glaucoma\_310_4668441.jpg,glaucoma,
D:\my_project\glaucoma\_310_6988275.jpg,glaucoma,
D:\my_project\glaucoma\_311_6101039.jpg,glaucoma,
D:\my_project\glaucoma\_311_7054330.jpg,glaucoma,
D:\my_project\glaucoma\_312_2571477.jpg,glaucoma,
D:\my_project\glaucoma\_313_8583918.jpg,glaucoma,
D:\my_project\glaucoma\_314_8127541.jpg,glaucoma,
D:\my_project\glaucoma\_315_1059988.jpg,glaucoma,
D:\my_project\glaucoma\_315_4482636.jpg,glaucoma,
D:\my_project\glaucoma\_316_4359949.jpg,glaucoma,
D:\my_project\glaucoma\_316_6373643.jpg,glaucoma,
D:\my_project\glaucoma\_317_2537690.jpg,glaucoma,
D:\my_project\glaucoma\_317_5485211.jpg,glaucoma,
D:\my_project\glaucoma\_318_5873639.jpg,glaucoma,
D:\my_project\glaucoma\_318_9413163.jpg,glaucoma,
D:\my_project\glaucoma\_319_532632.jpg,glaucoma,
D:\my_project\glaucoma\_31_1950556.jpg,glaucoma,
D:\my_project\glaucoma\_320_4614619.jpg,glaucoma,
D:\my_project\glaucoma\_320_5280427.jpg,glaucoma,
D:\my_project\glaucoma\_321_9678485.jpg,glaucoma,
D:\my_project\glaucoma\_322_2070844.jpg,glaucoma,
D:\my_project\glaucoma\_322_4870398.jpg,glaucoma,
D:\my_project\glaucoma\_323_8497084.jpg,glaucoma,
D:\my_project\glaucoma\_324_1040139.jpg,glaucoma,
D:\my_project\glaucoma\_324_9547288.jpg,glaucoma,
D:\my_project\glaucoma\_325_4867292.jpg,glaucoma,
D:\my_project\glaucoma\_325_5401809.jpg,glaucoma,
D:\my_project\glaucoma\_326_7155812.jpg,glaucoma,
D:\my_project\glaucoma\_327_1055218.jpg,glaucoma,
D:\my_project\glaucoma\_328_7261567.jpg,glaucoma,
D:\my_project\glaucoma\_329_1138512.jpg,glaucoma,
D:\my_project\glaucoma\_329_3845498.jpg,glaucoma,
D:\my_project\glaucoma\_32_6299808.jpg,glaucoma,
D:\my_project\glaucoma\_330_6216079.jpg,glaucoma,
D:\my_project\glaucoma\_330_6332138.jpg,glaucoma,
D:\my_project\glaucoma\_331_8594715.jpg,glaucoma,
D:\my_project\glaucoma\_332_3900734.jpg,glaucoma,
D:\my_project\glaucoma\_332_7068969.jpg,glaucoma,
D:\my_project\glaucoma\_333_5771277.jpg,glaucoma,
D:\my_project\glaucoma\_333_8764431.jpg,glaucoma,
D:\my_project\glaucoma\_334_2912159.jpg,glaucoma,
D:\my_project\glaucoma\_334_7538158.jpg,glaucoma,
D:\my_project\glaucoma\_335_5326545.jpg,glaucoma,
D:\my_project\glaucoma\_336_4442986.jpg,glaucoma,
D:\my_project\glaucoma\_336_783196.jpg,glaucoma,
D:\my_project\glaucoma\_337_28720.jpg,glaucoma,
D:\my_project\glaucoma\_338_7660594.jpg,glaucoma,
D:\my_project\glaucoma\_339_938566.jpg,glaucoma,
D:\my_project\glaucoma\_33_7463078.jpg,glaucoma,
D:\my_project\glaucoma\_340_1400434.jpg,glaucoma,
D:\my_project\glaucoma\_340_6897424.jpg,glaucoma,
D:\my_project\glaucoma\_341_3030606.jpg,glaucoma,
D:\my_project\glaucoma\_341_3343251.jpg,glaucoma,
D:\my_project\glaucoma\_342_3907815.jpg,glaucoma,
D:\my_project\glaucoma\_343_3651262.jpg,glaucoma,
D:\my_project\glaucoma\_344_6025727.jpg,glaucoma,
D:\my_project\glaucoma\_345_7680672.jpg,glaucoma,
D:\my_project\glaucoma\_346_7643111.jpg,glaucoma,
D:\my_project\glaucoma\_347_1718283.jpg,glaucoma,
D:\my_project\glaucoma\_348_2941106.jpg,glaucoma,
D:\my_project\glaucoma\_349_5604621.jpg,glaucoma,
D:\my_project\glaucoma\_34_2817660.jpg,glaucoma,
D:\my_project\glaucoma\_34_836194.jpg,glaucoma,
D:\my_project\glaucoma\_350_3536071.jpg,glaucoma,
D:\my_project\glaucoma\_351_6945231.jpg,glaucoma,
D:\my_project\glaucoma\_352_8525027.jpg,glaucoma,
D:\my_project\glaucoma\_353_6531128.jpg,glaucoma,
D:\my_project\glaucoma\_353_9347543.jpg,glaucoma,
D:\my_project\glaucoma\_354_1214126.jpg,glaucoma,
D:\my_project\glaucoma\_354_7736360.jpg,glaucoma,
D:\my_project\glaucoma\_355_9019995.jpg,glaucoma,
D:\my_project\glaucoma\_356_2280553.jpg,glaucoma,
D:\my_project\glaucoma\_356_7024951.jpg,glaucoma,
D:\my_project\glaucoma\_357_2893291.jpg,glaucoma,
D:\my_project\glaucoma\_357_7848484.jpg,glaucoma,
D:\my_project\glaucoma\_358_2954052.jpg,glaucoma,
D:\my_project\glaucoma\_358_8144492.jpg,glaucoma,
D:\my_project\glaucoma\_359_2481818.jpg,glaucoma,
D:\my_project\glaucoma\_359_8939038.jpg,glaucoma,
D:\my_project\glaucoma\_35_2680315.jpg,glaucoma,
D:\my_project\glaucoma\_35_369215.jpg,glaucoma,
D:\my_project\glaucoma\_360_4768102.jpg,glaucoma,
D:\my_project\glaucoma\_361_5450086.jpg,glaucoma,
D:\my_project\glaucoma\_361_9282542.jpg,glaucoma,
D:\my_project\glaucoma\_362_9619377.jpg,glaucoma,
D:\my_project\glaucoma\_363_2466087.jpg,glaucoma,
D:\my_project\glaucoma\_364_7596223.jpg,glaucoma,
D:\my_project\glaucoma\_365_7365403.jpg,glaucoma,
D:\my_project\glaucoma\_366_3572426.jpg,glaucoma,
D:\my_project\glaucoma\_366_5412727.jpg,glaucoma,
D:\my_project\glaucoma\_367_403099.jpg,glaucoma,
D:\my_project\glaucoma\_367_7784563.jpg,glaucoma,
D:\my_project\glaucoma\_368_4106148.jpg,glaucoma,
D:\my_project\glaucoma\_369_4797724.jpg,glaucoma,
D:\my_project\glaucoma\_369_874276.jpg,glaucoma,
D:\my_project\glaucoma\_36_9662569.jpg,glaucoma,
D:\my_project\glaucoma\_370_7370377.jpg,glaucoma,
D:\my_project\glaucoma\_371_5633932.jpg,glaucoma,
D:\my_project\glaucoma\_371_9609603.jpg,glaucoma,
D:\my_project\glaucoma\_372_153571.jpg,glaucoma,
D:\my_project\glaucoma\_373_2349363.jpg,glaucoma,
D:\my_project\glaucoma\_374_8172135.jpg,glaucoma,
D:\my_project\glaucoma\_375_1575212.jpg,glaucoma,
D:\my_project\glaucoma\_375_3812551.jpg,glaucoma,
D:\my_project\glaucoma\_376_7730949.jpg,glaucoma,
D:\my_project\glaucoma\_376_8893491.jpg,glaucoma,
D:\my_project\glaucoma\_377_2444638.jpg,glaucoma,
D:\my_project\glaucoma\_377_8059232.jpg,glaucoma,
D:\my_project\glaucoma\_378_1725232.jpg,glaucoma,
D:\my_project\glaucoma\_379_852244.jpg,glaucoma,
D:\my_project\glaucoma\_37_8813329.jpg,glaucoma,
D:\my_project\glaucoma\_380_3524868.jpg,glaucoma,
D:\my_project\glaucoma\_380_4081438.jpg,glaucoma,
D:\my_project\glaucoma\_381_6602928.jpg,glaucoma,
D:\my_project\glaucoma\_382_9740496.jpg,glaucoma,
D:\my_project\glaucoma\_383_1676788.jpg,glaucoma,
D:\my_project\glaucoma\_383_5927182.jpg,glaucoma,
D:\my_project\glaucoma\_384_1145376.jpg,glaucoma,
D:\my_project\glaucoma\_385_2935625.jpg,glaucoma,
D:\my_project\glaucoma\_386_7977995.jpg,glaucoma,
D:\my_project\glaucoma\_386_8829500.jpg,glaucoma,
D:\my_project\glaucoma\_387_7675254.jpg,glaucoma,
D:\my_project\glaucoma\_387_8614768.jpg,glaucoma,
D:\my_project\glaucoma\_388_7162342.jpg,glaucoma,
D:\my_project\glaucoma\_388_9965271.jpg,glaucoma,
D:\my_project\glaucoma\_389_1548771.jpg,glaucoma,
D:\my_project\glaucoma\_389_5976725.jpg,glaucoma,
D:\my_project\glaucoma\_38_3483571.jpg,glaucoma,
D:\my_project\glaucoma\_390_458377.jpg,glaucoma,
D:\my_project\glaucoma\_390_5579051.jpg,glaucoma,
D:\my_project\glaucoma\_391_1332495.jpg,glaucoma,
D:\my_project\glaucoma\_392_9636183.jpg,glaucoma,
D:\my_project\glaucoma\_393_2129148.jpg,glaucoma,
D:\my_project\glaucoma\_393_7224423.jpg,glaucoma,
D:\my_project\glaucoma\_394_81313.jpg,glaucoma,
D:\my_project\glaucoma\_395_3509756.jpg,glaucoma,
D:\my_project\glaucoma\_395_9075896.jpg,glaucoma,
D:\my_project\glaucoma\_396_2615481.jpg,glaucoma,
D:\my_project\glaucoma\_397_9607497.jpg,glaucoma,
D:\my_project\glaucoma\_398_8823411.jpg,glaucoma,
D:\my_project\glaucoma\_399_7128170.jpg,glaucoma,
D:\my_project\glaucoma\_399_8219023.jpg,glaucoma,
D:\my_project\glaucoma\_39_2691222.jpg,glaucoma,
D:\my_project\glaucoma\_39_2936171.jpg,glaucoma,
D:\my_project\glaucoma\_3_6499308.jpg,glaucoma,
D:\my_project\glaucoma\_400_1780834.jpg,glaucoma,
D:\my_project\glaucoma\_401_4906161.jpg,glaucoma,
D:\my_project\glaucoma\_401_6044320.jpg,glaucoma,
D:\my_project\glaucoma\_402_3641116.jpg,glaucoma,
D:\my_project\glaucoma\_402_8604384.jpg,glaucoma,
D:\my_project\glaucoma\_403_4411201.jpg,glaucoma,
D:\my_project\glaucoma\_404_5918559.jpg,glaucoma,
D:\my_project\glaucoma\_405_2674974.jpg,glaucoma,
D:\my_project\glaucoma\_406_3482388.jpg,glaucoma,
D:\my_project\glaucoma\_40_4972458.jpg,glaucoma,
D:\my_project\glaucoma\_41_2520996.jpg,glaucoma,
D:\my_project\glaucoma\_41_7018471.jpg,glaucoma,
D:\my_project\glaucoma\_42_6738302.jpg,glaucoma,
D:\my_project\glaucoma\_43_2637980.jpg,glaucoma,
D:\my_project\glaucoma\_43_5688154.jpg,glaucoma,
D:\my_project\glaucoma\_44_8455804.jpg,glaucoma,
D:\my_project\glaucoma\_45_3473696.jpg,glaucoma,
D:\my_project\glaucoma\_45_7744209.jpg,glaucoma,
D:\my_project\glaucoma\_46_2760814.jpg,glaucoma,
D:\my_project\glaucoma\_46_8083273.jpg,glaucoma,
D:\my_project\glaucoma\_47_6549840.jpg,glaucoma,
D:\my_project\glaucoma\_47_787901.jpg,glaucoma,
D:\my_project\glaucoma\_48_3684538.jpg,glaucoma,
D:\my_project\glaucoma\_48_5270520.jpg,glaucoma,
D:\my_project\glaucoma\_49_249201.jpg,glaucoma,
D:\my_project\glaucoma\_4_1717111.jpg,glaucoma,
D:\my_project\glaucoma\_4_5317326.jpg,glaucoma,
D:\my_project\glaucoma\_50_8908104.jpg,glaucoma,
D:\my_project\glaucoma\_51_5395739.jpg,glaucoma,
D:\my_project\glaucoma\_52_3379279.jpg,glaucoma,
D:\my_project\glaucoma\_52_3659415.jpg,glaucoma,
D:\my_project\glaucoma\_53_1457470.jpg,glaucoma,
D:\my_project\glaucoma\_54_1709440.jpg,glaucoma,
D:\my_project\glaucoma\_54_4840369.jpg,glaucoma,
D:\my_project\glaucoma\_55_1027321.jpg,glaucoma,
D:\my_project\glaucoma\_56_7014018.jpg,glaucoma,
D:\my_project\glaucoma\_57_1814825.jpg,glaucoma,
D:\my_project\glaucoma\_58_180622.jpg,glaucoma,
D:\my_project\glaucoma\_58_8721967.jpg,glaucoma,
D:\my_project\glaucoma\_59_1911492.jpg,glaucoma,
D:\my_project\glaucoma\_59_9153525.jpg,glaucoma,
D:\my_project\glaucoma\_5_5487582.jpg,glaucoma,
D:\my_project\glaucoma\_60_3287251.jpg,glaucoma,
D:\my_project\glaucoma\_60_6481590.jpg,glaucoma,
D:\my_project\glaucoma\_61_1340813.jpg,glaucoma,
D:\my_project\glaucoma\_62_3878139.jpg,glaucoma,
D:\my_project\glaucoma\_62_731940.jpg,glaucoma,
D:\my_project\glaucoma\_63_5036155.jpg,glaucoma,
D:\my_project\glaucoma\_64_3530889.jpg,glaucoma,
D:\my_project\glaucoma\_64_4692255.jpg,glaucoma,
D:\my_project\glaucoma\_65_9130585.jpg,glaucoma,
D:\my_project\glaucoma\_66_8732996.jpg,glaucoma,
D:\my_project\glaucoma\_67_4921455.jpg,glaucoma,
D:\my_project\glaucoma\_67_5997765.jpg,glaucoma,
D:\my_project\glaucoma\_68_7591745.jpg,glaucoma,
D:\my_project\glaucoma\_69_5362173.jpg,glaucoma,
D:\my_project\glaucoma\_6_2143075.jpg,glaucoma,
D:\my_project\glaucoma\_70_4843073.jpg,glaucoma,
D:\my_project\glaucoma\_71_5256438.jpg,glaucoma,
D:\my_project\glaucoma\_71_9012457.jpg,glaucoma,
D:\my_project\glaucoma\_72_3474284.jpg,glaucoma,
D:\my_project\glaucoma\_73_1527609.jpg,glaucoma,
D:\my_project\glaucoma\_73_2704407.jpg,glaucoma,
D:\my_project\glaucoma\_74_2774709.jpg,glaucoma,
D:\my_project\glaucoma\_75_5691617.jpg,glaucoma,
D:\my_project\glaucoma\_75_820784.jpg,glaucoma,
D:\my_project\glaucoma\_76_8587652.jpg,glaucoma,
D:\my_project\glaucoma\_77_3641818.jpg,glaucoma,
D:\my_project\glaucoma\_77_7357873.jpg,glaucoma,
D:\my_project\glaucoma\_78_1065003.jpg,glaucoma,
D:\my_project\glaucoma\_79_266127.jpg,glaucoma,
D:\my_project\glaucoma\_79_7226209.jpg,glaucoma,
D:\my_project\glaucoma\_7_5314686.jpg,glaucoma,
D:\my_project\glaucoma\_80_1430822.jpg,glaucoma,
D:\my_project\glaucoma\_81_2700389.jpg,glaucoma,
D:\my_project\glaucoma\_82_3719382.jpg,glaucoma,
D:\my_project\glaucoma\_83_9155730.jpg,glaucoma,
D:\my_project\glaucoma\_84_2885250.jpg,glaucoma,
D:\my_project\glaucoma\_85_9846035.jpg,glaucoma,
D:\my_project\glaucoma\_86_1386374.jpg,glaucoma,
D:\my_project\glaucoma\_87_9110812.jpg,glaucoma,
D:\my_project\glaucoma\_88_3424776.jpg,glaucoma,
D:\my_project\glaucoma\_88_3707930.jpg,glaucoma,
D:\my_project\glaucoma\_89_751322.jpg,glaucoma,
D:\my_project\glaucoma\_8_4875579.jpg,glaucoma,
D:\my_project\glaucoma\_8_5210275.jpg,glaucoma,
D:\my_project\glaucoma\_90_4845886.jpg,glaucoma,
D:\my_project\glaucoma\_90_7427306.jpg,glaucoma,
D:\my_project\glaucoma\_91_4030510.jpg,glaucoma,
D:\my_project\glaucoma\_91_8145296.jpg,glaucoma,
D:\my_project\glaucoma\_92_2709771.jpg,glaucoma,
D:\my_project\glaucoma\_93_8742749.jpg,glaucoma,
D:\my_project\glaucoma\_94_8906983.jpg,glaucoma,
D:\my_project\glaucoma\_95_5759614.jpg,glaucoma,
D:\my_project\glaucoma\_95_6242980.jpg,glaucoma,
D:\my_project\glaucoma\_96_982046.jpg,glaucoma,
D:\my_project\glaucoma\_97_139770.jpg,glaucoma,
D:\my_project\glaucoma\_97_3920460.jpg,glaucoma,
D:\my_project\glaucoma\_98_4213035.jpg,glaucoma,
D:\my_project\glaucoma\_98_763638.jpg,glaucoma,
D:\my_project\glaucoma\_99_5348098.jpg,glaucoma,
D:\my_project\glaucoma\_99_9780664.jpg,glaucoma,
D:\my_project\glaucoma\_9_9966988.jpg,glaucoma,
D:\my_project\normal\1034_left.jpg,normal,
D:\my_project\normal\1034_right.jpg,normal,
D:\my_project\normal\1060_left.jpg,normal,
D:\my_project\normal\1060_right.jpg,normal,
D:\my_project\normal\1253_left.jpg,normal,
D:\my_project\normal\1253_right.jpg,normal,
D:\my_project\normal\2329_left.jpg,normal,
D:\my_project\normal\2329_right.jpg,normal,
D:\my_project\normal\2331_left.jpg,normal,
D:\my_project\normal\2331_right.jpg,normal,
D:\my_project\normal\2332_left.jpg,normal,
D:\my_project\normal\2332_right.jpg,normal,
D:\my_project\normal\2334_left.jpg,normal,
D:\my_project\normal\2334_right.jpg,normal,
D:\my_project\normal\2335_left.jpg,normal,
D:\my_project\normal\2335_right.jpg,normal,
D:\my_project\normal\2341_left.jpg,normal,
D:\my_project\normal\2341_right.jpg,normal,
D:\my_project\normal\2345_left.jpg,normal,
D:\my_project\normal\2345_right.jpg,normal,
D:\my_project\normal\2346_left.jpg,normal,
D:\my_project\normal\2346_right.jpg,normal,
D:\my_project\normal\2349_left.jpg,normal,
D:\my_project\normal\2349_right.jpg,normal,
D:\my_project\normal\2351_left.jpg,normal,
D:\my_project\normal\2351_right.jpg,normal,
D:\my_project\normal\2353_left.jpg,normal,
D:\my_project\normal\2353_right.jpg,normal,
D:\my_project\normal\2354_left.jpg,normal,
D:\my_project\normal\2354_right.jpg,normal,
D:\my_project\normal\2355_left.jpg,normal,
D:\my_project\normal\2355_right.jpg,normal,
D:\my_project\normal\2356_left.jpg,normal,
D:\my_project\normal\2356_right.jpg,normal,
D:\my_project\normal\2359_left.jpg,normal,
D:\my_project\normal\2359_right.jpg,normal,
D:\my_project\normal\2362_left.jpg,normal,
D:\my_project\normal\2362_right.jpg,normal,
D:\my_project\normal\2363_left.jpg,normal,
D:\my_project\normal\2363_right.jpg,normal,
D:\my_project\normal\2365_left.jpg,normal,
D:\my_project\normal\2365_right.jpg,normal,
D:\my_project\normal\2366_left.jpg,normal,
D:\my_project\normal\2366_right.jpg,normal,
D:\my_project\normal\2367_left.jpg,normal,
D:\my_project\normal\2367_right.jpg,normal,
D:\my_project\normal\2368_left.jpg,normal,
D:\my_project\normal\2368_right.jpg,normal,
D:\my_project\normal\2369_left.jpg,normal,
D:\my_project\normal\2369_right.jpg,normal,
D:\my_project\normal\2371_left.jpg,normal,
D:\my_project\normal\2371_right.jpg,normal,
D:\my_project\normal\2372_left.jpg,normal,
D:\my_project\normal\2372_right.jpg,normal,
D:\my_project\normal\2377_left.jpg,normal,
D:\my_project\normal\2378_left.jpg,normal,
D:\my_project\normal\2378_right.jpg,normal,
D:\my_project\normal\2380_left.jpg,normal,
D:\my_project\normal\2380_right.jpg,normal,
D:\my_project\normal\2382_left.jpg,normal,
D:\my_project\normal\2382_right.jpg,normal,
D:\my_project\normal\2383_left.jpg,normal,
D:\my_project\normal\2383_right.jpg,normal,
D:\my_project\normal\2384_left.jpg,normal,
D:\my_project\normal\2384_right.jpg,normal,
D:\my_project\normal\2386_left.jpg,normal,
D:\my_project\normal\2386_right.jpg,normal,
D:\my_project\normal\2388_left.jpg,normal,
D:\my_project\normal\2388_right.jpg,normal,
D:\my_project\normal\2389_left.jpg,normal,
D:\my_project\normal\2389_right.jpg,normal,
D:\my_project\normal\2393_left.jpg,normal,
D:\my_project\normal\2393_right.jpg,normal,
D:\my_project\normal\2394_left.jpg,normal,
D:\my_project\normal\2394_right.jpg,normal,
D:\my_project\normal\2395_left.jpg,normal,
D:\my_project\normal\2395_right.jpg,normal,
D:\my_project\normal\2396_left.jpg,normal,
D:\my_project\normal\2396_right.jpg,normal,
D:\my_project\normal\2397_left.jpg,normal,
D:\my_project\normal\2397_right.jpg,normal,
D:\my_project\normal\2399_left.jpg,normal,
D:\my_project\normal\2399_right.jpg,normal,
D:\my_project\normal\2400_right.jpg,normal,
D:\my_project\normal\2403_left.jpg,normal,
D:\my_project\normal\2403_right.jpg,normal,
D:\my_project\normal\2408_left.jpg,normal,
D:\my_project\normal\2408_right.jpg,normal,
D:\my_project\normal\2410_left.jpg,normal,
D:\my_project\normal\2410_right.jpg,normal,
D:\my_project\normal\2415_left.jpg,normal,
D:\my_project\normal\2415_right.jpg,normal,
D:\my_project\normal\2418_left.jpg,normal,
D:\my_project\normal\2418_right.jpg,normal,
D:\my_project\normal\2419_left.jpg,normal,
D:\my_project\normal\2419_right.jpg,normal,
D:\my_project\normal\2421_left.jpg,normal,
D:\my_project\normal\2421_right.jpg,normal,
D:\my_project\normal\2422_left.jpg,normal,
D:\my_project\normal\2422_right.jpg,normal,
D:\my_project\normal\2423_left.jpg,normal,
D:\my_project\normal\2423_right.jpg,normal,
D:\my_project\normal\2426_left.jpg,normal,
D:\my_project\normal\2426_right.jpg,normal,
D:\my_project\normal\2427_left.jpg,normal,
D:\my_project\normal\2427_right.jpg,normal,
D:\my_project\normal\2428_left.jpg,normal,
D:\my_project\normal\2432_left.jpg,normal,
D:\my_project\normal\2432_right.jpg,normal,
D:\my_project\normal\2435_left.jpg,normal,
D:\my_project\normal\2435_right.jpg,normal,
D:\my_project\normal\2437_left.jpg,normal,
D:\my_project\normal\2437_right.jpg,normal,
D:\my_project\normal\2438_left.jpg,normal,
D:\my_project\normal\2438_right.jpg,normal,
D:\my_project\normal\2441_left.jpg,normal,
D:\my_project\normal\2441_right.jpg,normal,
D:\my_project\normal\2443_left.jpg,normal,
D:\my_project\normal\2443_right.jpg,normal,
D:\my_project\normal\2444_left.jpg,normal,
D:\my_project\normal\2444_right.jpg,normal,
D:\my_project\normal\2446_left.jpg,normal,
D:\my_project\normal\2446_right.jpg,normal,
D:\my_project\normal\2448_left.jpg,normal,
D:\my_project\normal\2456_left.jpg,normal,
D:\my_project\normal\2456_right.jpg,normal,
D:\my_project\normal\2463_left.jpg,normal,
D:\my_project\normal\2463_right.jpg,normal,
D:\my_project\normal\2465_left.jpg,normal,
D:\my_project\normal\2465_right.jpg,normal,
D:\my_project\normal\2466_left.jpg,normal,
D:\my_project\normal\2466_right.jpg,normal,
D:\my_project\normal\2469_left.jpg,normal,
D:\my_project\normal\2469_right.jpg,normal,
D:\my_project\normal\2470_left.jpg,normal,
D:\my_project\normal\2470_right.jpg,normal,
D:\my_project\normal\2475_left.jpg,normal,
D:\my_project\normal\2475_right.jpg,normal,
D:\my_project\normal\2477_left.jpg,normal,
D:\my_project\normal\2478_left.jpg,normal,
D:\my_project\normal\2481_left.jpg,normal,
D:\my_project\normal\2481_right.jpg,normal,
D:\my_project\normal\2482_left.jpg,normal,
D:\my_project\normal\2482_right.jpg,normal,
D:\my_project\normal\2483_left.jpg,normal,
D:\my_project\normal\2483_right.jpg,normal,
D:\my_project\normal\2484_left.jpg,normal,
D:\my_project\normal\2484_right.jpg,normal,
D:\my_project\normal\2485_left.jpg,normal,
D:\my_project\normal\2485_right.jpg,normal,
D:\my_project\normal\2486_left.jpg,normal,
D:\my_project\normal\2486_right.jpg,normal,
D:\my_project\normal\2488_left.jpg,normal,
D:\my_project\normal\2488_right.jpg,normal,
D:\my_project\normal\2489_left.jpg,normal,
D:\my_project\normal\2489_right.jpg,normal,
D:\my_project\normal\2493_left.jpg,normal,
D:\my_project\normal\2493_right.jpg,normal,
D:\my_project\normal\2496_right.jpg,normal,
D:\my_project\normal\2499_left.jpg,normal,
D:\my_project\normal\2499_right.jpg,normal,
D:\my_project\normal\2500_left.jpg,normal,
D:\my_project\normal\2500_right.jpg,normal,
D:\my_project\normal\2501_left.jpg,normal,
D:\my_project\normal\2501_right.jpg,normal,
D:\my_project\normal\2504_left.jpg,normal,
D:\my_project\normal\2504_right.jpg,normal,
D:\my_project\normal\2506_left.jpg,normal,
D:\my_project\normal\2506_right.jpg,normal,
D:\my_project\normal\2507_left.jpg,normal,
D:\my_project\normal\2507_right.jpg,normal,
D:\my_project\normal\2508_left.jpg,normal,
D:\my_project\normal\2508_right.jpg,normal,
D:\my_project\normal\2510_left.jpg,normal,
D:\my_project\normal\2510_right.jpg,normal,
D:\my_project\normal\2512_left.jpg,normal,
D:\my_project\normal\2512_right.jpg,normal,
D:\my_project\normal\2515_left.jpg,normal,
D:\my_project\normal\2517_left.jpg,normal,
D:\my_project\normal\2517_right.jpg,normal,
D:\my_project\normal\2518_left.jpg,normal,
D:\my_project\normal\2518_right.jpg,normal,
D:\my_project\normal\2519_left.jpg,normal,
D:\my_project\normal\2519_right.jpg,normal,
D:\my_project\normal\2521_left.jpg,normal,
D:\my_project\normal\2521_right.jpg,normal,
D:\my_project\normal\2523_left.jpg,normal,
D:\my_project\normal\2523_right.jpg,normal,
D:\my_project\normal\2524_left.jpg,normal,
D:\my_project\normal\2524_right.jpg,normal,
D:\my_project\normal\2525_left.jpg,normal,
D:\my_project\normal\2525_right.jpg,normal,
D:\my_project\normal\2527_left.jpg,normal,
D:\my_project\normal\2527_right.jpg,normal,
D:\my_project\normal\2529_left.jpg,normal,
D:\my_project\normal\2529_right.jpg,normal,
D:\my_project\normal\2531_left.jpg,normal,
D:\my_project\normal\2531_right.jpg,normal,
D:\my_project\normal\2533_left.jpg,normal,
D:\my_project\normal\2533_right.jpg,normal,
D:\my_project\normal\2535_left.jpg,normal,
D:\my_project\normal\2535_right.jpg,normal,
D:\my_project\normal\2538_left.jpg,normal,
D:\my_project\normal\2538_right.jpg,normal,
D:\my_project\normal\2540_left.jpg,normal,
D:\my_project\normal\2540_right.jpg,normal,
D:\my_project\normal\2542_left.jpg,normal,
D:\my_project\normal\2542_right.jpg,normal,
D:\my_project\normal\2543_left.jpg,normal,
D:\my_project\normal\2543_right.jpg,normal,
D:\my_project\normal\2547_left.jpg,normal,
D:\my_project\normal\2547_right.jpg,normal,
D:\my_project\normal\2548_left.jpg,normal,
D:\my_project\normal\2548_right.jpg,normal,
D:\my_project\normal\2554_left.jpg,normal,
D:\my_project\normal\2554_right.jpg,normal,
D:\my_project\normal\2556_left.jpg,normal,
D:\my_project\normal\2556_right.jpg,normal,
D:\my_project\normal\2558_left.jpg,normal,
D:\my_project\normal\2558_right.jpg,normal,
D:\my_project\normal\2563_left.jpg,normal,
D:\my_project\normal\2563_right.jpg,normal,
D:\my_project\normal\2564_left.jpg,normal,
D:\my_project\normal\2564_right.jpg,normal,
D:\my_project\normal\2565_left.jpg,normal,
D:\my_project\normal\2565_right.jpg,normal,
D:\my_project\normal\2567_left.jpg,normal,
D:\my_project\normal\2567_right.jpg,normal,
D:\my_project\normal\2569_left.jpg,normal,
D:\my_project\normal\2569_right.jpg,normal,
D:\my_project\normal\2570_left.jpg,normal,
D:\my_project\normal\2570_right.jpg,normal,
D:\my_project\normal\2572_left.jpg,normal,
D:\my_project\normal\2572_right.jpg,normal,
D:\my_project\normal\2573_left.jpg,normal,
D:\my_project\normal\2573_right.jpg,normal,
D:\my_project\normal\2574_left.jpg,normal,
D:\my_project\normal\2574_right.jpg,normal,
D:\my_project\normal\2575_left.jpg,normal,
D:\my_project\normal\2575_right.jpg,normal,
D:\my_project\normal\2576_left.jpg,normal,
D:\my_project\normal\2576_right.jpg,normal,
D:\my_project\normal\2577_left.jpg,normal,
D:\my_project\normal\2577_right.jpg,normal,
D:\my_project\normal\2580_right.jpg,normal,
D:\my_project\normal\2583_left.jpg,normal,
D:\my_project\normal\2583_right.jpg,normal,
D:\my_project\normal\2585_left.jpg,normal,
D:\my_project\normal\2585_right.jpg,normal,
D:\my_project\normal\2586_left.jpg,normal,
D:\my_project\normal\2586_right.jpg,normal,
D:\my_project\normal\2587_left.jpg,normal,
D:\my_project\normal\2587_right.jpg,normal,
D:\my_project\normal\2588_left.jpg,normal,
D:\my_project\normal\2588_right.jpg,normal,
D:\my_project\normal\2589_right.jpg,normal,
D:\my_project\normal\2591_left.jpg,normal,
D:\my_project\normal\2591_right.jpg,normal,
D:\my_project\normal\2594_left.jpg,normal,
D:\my_project\normal\2594_right.jpg,normal,
D:\my_project\normal\2597_left.jpg,normal,
D:\my_project\normal\2597_right.jpg,normal,
D:\my_project\normal\2598_left.jpg,normal,
D:\my_project\normal\2598_right.jpg,normal,
D:\my_project\normal\2599_left.jpg,normal,
D:\my_project\normal\2599_right.jpg,normal,
D:\my_project\normal\2600_left.jpg,normal,
D:\my_project\normal\2600_right.jpg,normal,
D:\my_project\normal\2602_left.jpg,normal,
D:\my_project\normal\2602_right.jpg,normal,
D:\my_project\normal\2603_left.jpg,normal,
D:\my_project\normal\2603_right.jpg,normal,
D:\my_project\normal\2604_left.jpg,normal,
D:\my_project\normal\2604_right.jpg,normal,
D:\my_project\normal\2608_left.jpg,normal,
D:\my_project\normal\2608_right.jpg,normal,
D:\my_project\normal\2609_left.jpg,normal,
D:\my_project\normal\2609_right.jpg,normal,
D:\my_project\normal\2610_left.jpg,normal,
D:\my_project\normal\2610_right.jpg,normal,
D:\my_project\normal\2616_left.jpg,normal,
D:\my_project\normal\2616_right.jpg,normal,
D:\my_project\normal\2617_left.jpg,normal,
D:\my_project\normal\2617_right.jpg,normal,
D:\my_project\normal\2622_left.jpg,normal,
D:\my_project\normal\2622_right.jpg,normal,
D:\my_project\normal\2624_left.jpg,normal,
D:\my_project\normal\2624_right.jpg,normal,
D:\my_project\normal\2627_left.jpg,normal,
D:\my_project\normal\2627_right.jpg,normal,
D:\my_project\normal\2632_left.jpg,normal,
D:\my_project\normal\2632_right.jpg,normal,
D:\my_project\normal\2633_left.jpg,normal,
D:\my_project\normal\2633_right.jpg,normal,
D:\my_project\normal\2634_left.jpg,normal,
D:\my_project\normal\2634_right.jpg,normal,
D:\my_project\normal\2637_left.jpg,normal,
D:\my_project\normal\2637_right.jpg,normal,
D:\my_project\normal\2638_left.jpg,normal,
D:\my_project\normal\2638_right.jpg,normal,
D:\my_project\normal\2640_left.jpg,normal,
D:\my_project\normal\2640_right.jpg,normal,
D:\my_project\normal\2641_left.jpg,normal,
D:\my_project\normal\2641_right.jpg,normal,
D:\my_project\normal\2642_left.jpg,normal,
D:\my_project\normal\2642_right.jpg,normal,
D:\my_project\normal\2643_left.jpg,normal,
D:\my_project\normal\2643_right.jpg,normal,
D:\my_project\normal\2645_left.jpg,normal,
D:\my_project\normal\2645_right.jpg,normal,
D:\my_project\normal\2647_left.jpg,normal,
D:\my_project\normal\2647_right.jpg,normal,
D:\my_project\normal\2649_left.jpg,normal,
D:\my_project\normal\2649_right.jpg,normal,
D:\my_project\normal\2650_left.jpg,normal,
D:\my_project\normal\2650_right.jpg,normal,
D:\my_project\normal\2651_left.jpg,normal,
D:\my_project\normal\2651_right.jpg,normal,
D:\my_project\normal\2652_left.jpg,normal,
D:\my_project\normal\2652_right.jpg,normal,
D:\my_project\normal\2653_left.jpg,normal,
D:\my_project\normal\2653_right.jpg,normal,
D:\my_project\normal\2655_left.jpg,normal,
D:\my_project\normal\2655_right.jpg,normal,
D:\my_project\normal\2657_left.jpg,normal,
D:\my_project\normal\2657_right.jpg,normal,
D:\my_project\normal\2658_left.jpg,normal,
D:\my_project\normal\2658_right.jpg,normal,
D:\my_project\normal\2659_left.jpg,normal,
D:\my_project\normal\2659_right.jpg,normal,
D:\my_project\normal\2660_left.jpg,normal,
D:\my_project\normal\2660_right.jpg,normal,
D:\my_project\normal\2661_left.jpg,normal,
D:\my_project\normal\2661_right.jpg,normal,
D:\my_project\normal\2662_left.jpg,normal,
D:\my_project\normal\2662_right.jpg,normal,
D:\my_project\normal\2667_left.jpg,normal,
D:\my_project\normal\2667_right.jpg,normal,
D:\my_project\normal\2672_left.jpg,normal,
D:\my_project\normal\2672_right.jpg,normal,
D:\my_project\normal\2673_left.jpg,normal,
D:\my_project\normal\2673_right.jpg,normal,
D:\my_project\normal\2675_left.jpg,normal,
D:\my_project\normal\2675_right.jpg,normal,
D:\my_project\normal\2676_right.jpg,normal,
D:\my_project\normal\2677_left.jpg,normal,
D:\my_project\normal\2677_right.jpg,normal,
D:\my_project\normal\2680_left.jpg,normal,
D:\my_project\normal\2680_right.jpg,normal,
D:\my_project\normal\2681_left.jpg,normal,
D:\my_project\normal\2681_right.jpg,normal,
D:\my_project\normal\2685_left.jpg,normal,
D:\my_project\normal\2685_right.jpg,normal,
D:\my_project\normal\2688_left.jpg,normal,
D:\my_project\normal\2688_right.jpg,normal,
D:\my_project\normal\2689_left.jpg,normal,
D:\my_project\normal\2689_right.jpg,normal,
D:\my_project\normal\2690_left.jpg,normal,
D:\my_project\normal\2690_right.jpg,normal,
D:\my_project\normal\2695_left.jpg,normal,
D:\my_project\normal\2695_right.jpg,normal,
D:\my_project\normal\2696_left.jpg,normal,
D:\my_project\normal\2696_right.jpg,normal,
D:\my_project\normal\2697_left.jpg,normal,
D:\my_project\normal\2697_right.jpg,normal,
D:\my_project\normal\2699_left.jpg,normal,
D:\my_project\normal\2699_right.jpg,normal,
D:\my_project\normal\2702_left.jpg,normal,
D:\my_project\normal\2702_right.jpg,normal,
D:\my_project\normal\2704_left.jpg,normal,
D:\my_project\normal\2704_right.jpg,normal,
D:\my_project\normal\2705_left.jpg,normal,
D:\my_project\normal\2705_right.jpg,normal,
D:\my_project\normal\2707_left.jpg,normal,
D:\my_project\normal\2707_right.jpg,normal,
D:\my_project\normal\2708_left.jpg,normal,
D:\my_project\normal\2708_right.jpg,normal,
D:\my_project\normal\2709_left.jpg,normal,
D:\my_project\normal\2709_right.jpg,normal,
D:\my_project\normal\2710_left.jpg,normal,
D:\my_project\normal\2710_right.jpg,normal,
D:\my_project\normal\2712_left.jpg,normal,
D:\my_project\normal\2712_right.jpg,normal,
D:\my_project\normal\2713_left.jpg,normal,
D:\my_project\normal\2713_right.jpg,normal,
D:\my_project\normal\2718_left.jpg,normal,
D:\my_project\normal\2718_right.jpg,normal,
D:\my_project\normal\2726_left.jpg,normal,
D:\my_project\normal\2726_right.jpg,normal,
D:\my_project\normal\2728_left.jpg,normal,
D:\my_project\normal\2728_right.jpg,normal,
D:\my_project\normal\2729_left.jpg,normal,
D:\my_project\normal\2730_left.jpg,normal,
D:\my_project\normal\2730_right.jpg,normal,
D:\my_project\normal\2732_left.jpg,normal,
D:\my_project\normal\2732_right.jpg,normal,
D:\my_project\normal\2735_left.jpg,normal,
D:\my_project\normal\2735_right.jpg,normal,
D:\my_project\normal\2736_left.jpg,normal,
D:\my_project\normal\2736_right.jpg,normal,
D:\my_project\normal\2737_right.jpg,normal,
D:\my_project\normal\2740_left.jpg,normal,
D:\my_project\normal\2740_right.jpg,normal,
D:\my_project\normal\2742_left.jpg,normal,
D:\my_project\normal\2742_right.jpg,normal,
D:\my_project\normal\2743_left.jpg,normal,
D:\my_project\normal\2743_right.jpg,normal,
D:\my_project\normal\2748_left.jpg,normal,
D:\my_project\normal\2748_right.jpg,normal,
D:\my_project\normal\2749_left.jpg,normal,
D:\my_project\normal\2749_right.jpg,normal,
D:\my_project\normal\2750_left.jpg,normal,
D:\my_project\normal\2750_right.jpg,normal,
D:\my_project\normal\2752_right.jpg,normal,
D:\my_project\normal\2755_left.jpg,normal,
D:\my_project\normal\2755_right.jpg,normal,
D:\my_project\normal\2756_right.jpg,normal,
D:\my_project\normal\2761_left.jpg,normal,
D:\my_project\normal\2761_right.jpg,normal,
D:\my_project\normal\2763_left.jpg,normal,
D:\my_project\normal\2763_right.jpg,normal,
D:\my_project\normal\2764_left.jpg,normal,
D:\my_project\normal\2764_right.jpg,normal,
D:\my_project\normal\2767_left.jpg,normal,
D:\my_project\normal\2767_right.jpg,normal,
D:\my_project\normal\2768_left.jpg,normal,
D:\my_project\normal\2768_right.jpg,normal,
D:\my_project\normal\2770_left.jpg,normal,
D:\my_project\normal\2770_right.jpg,normal,
D:\my_project\normal\2771_left.jpg,normal,
D:\my_project\normal\2771_right.jpg,normal,
D:\my_project\normal\2773_left.jpg,normal,
D:\my_project\normal\2773_right.jpg,normal,
D:\my_project\normal\2775_left.jpg,normal,
D:\my_project\normal\2775_right.jpg,normal,
D:\my_project\normal\2777_left.jpg,normal,
D:\my_project\normal\2777_right.jpg,normal,
D:\my_project\normal\2779_left.jpg,normal,
D:\my_project\normal\2779_right.jpg,normal,
D:\my_project\normal\2780_left.jpg,normal,
D:\my_project\normal\2780_right.jpg,normal,
D:\my_project\normal\2782_left.jpg,normal,
D:\my_project\normal\2782_right.jpg,normal,
D:\my_project\normal\2786_left.jpg,normal,
D:\my_project\normal\2786_right.jpg,normal,
D:\my_project\normal\2787_left.jpg,normal,
D:\my_project\normal\2787_right.jpg,normal,
D:\my_project\normal\2789_left.jpg,normal,
D:\my_project\normal\2789_right.jpg,normal,
D:\my_project\normal\2790_left.jpg,normal,
D:\my_project\normal\2790_right.jpg,normal,
D:\my_project\normal\2791_left.jpg,normal,
D:\my_project\normal\2791_right.jpg,normal,
D:\my_project\normal\2794_left.jpg,normal,
D:\my_project\normal\2794_right.jpg,normal,
D:\my_project\normal\2795_left.jpg,normal,
D:\my_project\normal\2795_right.jpg,normal,
D:\my_project\normal\2797_left.jpg,normal,
D:\my_project\normal\2797_right.jpg,normal,
D:\my_project\normal\2798_left.jpg,normal,
D:\my_project\normal\2798_right.jpg,normal,
D:\my_project\normal\2802_left.jpg,normal,
D:\my_project\normal\2802_right.jpg,normal,
D:\my_project\normal\2806_left.jpg,normal,
D:\my_project\normal\2806_right.jpg,normal,
D:\my_project\normal\2807_left.jpg,normal,
D:\my_project\normal\2807_right.jpg,normal,
D:\my_project\normal\2808_left.jpg,normal,
D:\my_project\normal\2808_right.jpg,normal,
D:\my_project\normal\2811_left.jpg,normal,
D:\my_project\normal\2811_right.jpg,normal,
D:\my_project\normal\2812_left.jpg,normal,
D:\my_project\normal\2812_right.jpg,normal,
D:\my_project\normal\2813_left.jpg,normal,
D:\my_project\normal\2813_right.jpg,normal,
D:\my_project\normal\2815_left.jpg,normal,
D:\my_project\normal\2815_right.jpg,normal,
D:\my_project\normal\2817_left.jpg,normal,
D:\my_project\normal\2817_right.jpg,normal,
D:\my_project\normal\2820_left.jpg,normal,
D:\my_project\normal\2820_right.jpg,normal,
D:\my_project\normal\2821_left.jpg,normal,
D:\my_project\normal\2821_right.jpg,normal,
D:\my_project\normal\2822_left.jpg,normal,
D:\my_project\normal\2822_right.jpg,normal,
D:\my_project\normal\2826_left.jpg,normal,
D:\my_project\normal\2826_right.jpg,normal,
D:\my_project\normal\2827_left.jpg,normal,
D:\my_project\normal\2827_right.jpg,normal,
D:\my_project\normal\2829_left.jpg,normal,
D:\my_project\normal\2829_right.jpg,normal,
D:\my_project\normal\2833_left.jpg,normal,
D:\my_project\normal\2833_right.jpg,normal,
D:\my_project\normal\2834_left.jpg,normal,
D:\my_project\normal\2834_right.jpg,normal,
D:\my_project\normal\2835_left.jpg,normal,
D:\my_project\normal\2835_right.jpg,normal,
D:\my_project\normal\2837_left.jpg,normal,
D:\my_project\normal\2837_right.jpg,normal,
D:\my_project\normal\2838_left.jpg,normal,
D:\my_project\normal\2838_right.jpg,normal,
D:\my_project\normal\2839_left.jpg,normal,
D:\my_project\normal\2839_right.jpg,normal,
D:\my_project\normal\2841_left.jpg,normal,
D:\my_project\normal\2841_right.jpg,normal,
D:\my_project\normal\2842_left.jpg,normal,
D:\my_project\normal\2842_right.jpg,normal,
D:\my_project\normal\2843_left.jpg,normal,
D:\my_project\normal\2843_right.jpg,normal,
D:\my_project\normal\2844_left.jpg,normal,
D:\my_project\normal\2844_right.jpg,normal,
D:\my_project\normal\2846_left.jpg,normal,
D:\my_project\normal\2846_right.jpg,normal,
D:\my_project\normal\2848_left.jpg,normal,
D:\my_project\normal\2848_right.jpg,normal,
D:\my_project\normal\2849_left.jpg,normal,
D:\my_project\normal\2849_right.jpg,normal,
D:\my_project\normal\2850_left.jpg,normal,
D:\my_project\normal\2850_right.jpg,normal,
D:\my_project\normal\2851_right.jpg,normal,
D:\my_project\normal\2852_left.jpg,normal,
D:\my_project\normal\2852_right.jpg,normal,
D:\my_project\normal\2853_left.jpg,normal,
D:\my_project\normal\2853_right.jpg,normal,
D:\my_project\normal\2857_left.jpg,normal,
D:\my_project\normal\2857_right.jpg,normal,
D:\my_project\normal\2858_left.jpg,normal,
D:\my_project\normal\2858_right.jpg,normal,
D:\my_project\normal\2860_left.jpg,normal,
D:\my_project\normal\2860_right.jpg,normal,
D:\my_project\normal\2862_left.jpg,normal,
D:\my_project\normal\2862_right.jpg,normal,
D:\my_project\normal\2864_left.jpg,normal,
D:\my_project\normal\2864_right.jpg,normal,
D:\my_project\normal\2869_left.jpg,normal,
D:\my_project\normal\2869_right.jpg,normal,
D:\my_project\normal\2872_left.jpg,normal,
D:\my_project\normal\2872_right.jpg,normal,
D:\my_project\normal\2878_left.jpg,normal,
D:\my_project\normal\2878_right.jpg,normal,
D:\my_project\normal\2880_left.jpg,normal,
D:\my_project\normal\2880_right.jpg,normal,
D:\my_project\normal\2881_left.jpg,normal,
D:\my_project\normal\2881_right.jpg,normal,
D:\my_project\normal\2882_left.jpg,normal,
D:\my_project\normal\2882_right.jpg,normal,
D:\my_project\normal\2883_left.jpg,normal,
D:\my_project\normal\2883_right.jpg,normal,
D:\my_project\normal\2884_left.jpg,normal,
D:\my_project\normal\2884_right.jpg,normal,
D:\my_project\normal\2886_left.jpg,normal,
D:\my_project\normal\2886_right.jpg,normal,
D:\my_project\normal\2887_left.jpg,normal,
D:\my_project\normal\2887_right.jpg,normal,
D:\my_project\normal\2889_left.jpg,normal,
D:\my_project\normal\2889_right.jpg,normal,
D:\my_project\normal\2890_left.jpg,normal,
D:\my_project\normal\2890_right.jpg,normal,
D:\my_project\normal\2892_left.jpg,normal,
D:\my_project\normal\2892_right.jpg,normal,
D:\my_project\normal\2895_left.jpg,normal,
D:\my_project\normal\2895_right.jpg,normal,
D:\my_project\normal\2897_left.jpg,normal,
D:\my_project\normal\2897_right.jpg,normal,
D:\my_project\normal\2907_left.jpg,normal,
D:\my_project\normal\2907_right.jpg,normal,
D:\my_project\normal\2908_left.jpg,normal,
D:\my_project\normal\2908_right.jpg,normal,
D:\my_project\normal\2910_left.jpg,normal,
D:\my_project\normal\2910_right.jpg,normal,
D:\my_project\normal\2911_left.jpg,normal,
D:\my_project\normal\2911_right.jpg,normal,
D:\my_project\normal\2915_left.jpg,normal,
D:\my_project\normal\2915_right.jpg,normal,
D:\my_project\normal\2919_left.jpg,normal,
D:\my_project\normal\2919_right.jpg,normal,
D:\my_project\normal\2924_left.jpg,normal,
D:\my_project\normal\2924_right.jpg,normal,
D:\my_project\normal\2931_left.jpg,normal,
D:\my_project\normal\2931_right.jpg,normal,
D:\my_project\normal\2932_left.jpg,normal,
D:\my_project\normal\2932_right.jpg,normal,
D:\my_project\normal\2933_left.jpg,normal,
D:\my_project\normal\2933_right.jpg,normal,
D:\my_project\normal\2935_left.jpg,normal,
D:\my_project\normal\2935_right.jpg,normal,
D:\my_project\normal\2940_left.jpg,normal,
D:\my_project\normal\2940_right.jpg,normal,
D:\my_project\normal\2942_left.jpg,normal,
D:\my_project\normal\2942_right.jpg,normal,
D:\my_project\normal\2944_left.jpg,normal,
D:\my_project\normal\2944_right.jpg,normal,
D:\my_project\normal\2946_left.jpg,normal,
D:\my_project\normal\2946_right.jpg,normal,
D:\my_project\normal\2948_left.jpg,normal,
D:\my_project\normal\2948_right.jpg,normal,
D:\my_project\normal\2950_left.jpg,normal,
D:\my_project\normal\2950_right.jpg,normal,
D:\my_project\normal\2952_left.jpg,normal,
D:\my_project\normal\2952_right.jpg,normal,
D:\my_project\normal\2953_left.jpg,normal,
D:\my_project\normal\2953_right.jpg,normal,
D:\my_project\normal\2957_left.jpg,normal,
D:\my_project\normal\2957_right.jpg,normal,
D:\my_project\normal\2961_left.jpg,normal,
D:\my_project\normal\2961_right.jpg,normal,
D:\my_project\normal\2962_left.jpg,normal,
D:\my_project\normal\2962_right.jpg,normal,
D:\my_project\normal\2966_left.jpg,normal,
D:\my_project\normal\2966_right.jpg,normal,
D:\my_project\normal\2967_left.jpg,normal,
D:\my_project\normal\2967_right.jpg,normal,
D:\my_project\normal\2971_left.jpg,normal,
D:\my_project\normal\2971_right.jpg,normal,
D:\my_project\normal\2974_left.jpg,normal,
D:\my_project\normal\2974_right.jpg,normal,
D:\my_project\normal\2975_left.jpg,normal,
D:\my_project\normal\2975_right.jpg,normal,
D:\my_project\normal\2979_left.jpg,normal,
D:\my_project\normal\2979_right.jpg,normal,
D:\my_project\normal\2980_left.jpg,normal,
D:\my_project\normal\2980_right.jpg,normal,
D:\my_project\normal\2981_left.jpg,normal,
D:\my_project\normal\2981_right.jpg,normal,
D:\my_project\normal\2984_left.jpg,normal,
D:\my_project\normal\2984_right.jpg,normal,
D:\my_project\normal\2985_left.jpg,normal,
D:\my_project\normal\2985_right.jpg,normal,
D:\my_project\normal\2988_left.jpg,normal,
D:\my_project\normal\2988_right.jpg,normal,
D:\my_project\normal\2991_left.jpg,normal,
D:\my_project\normal\2991_right.jpg,normal,
D:\my_project\normal\2992_left.jpg,normal,
D:\my_project\normal\2992_right.jpg,normal,
D:\my_project\normal\2996_left.jpg,normal,
D:\my_project\normal\2996_right.jpg,normal,
D:\my_project\normal\3000_left.jpg,normal,
D:\my_project\normal\3000_right.jpg,normal,
D:\my_project\normal\3001_left.jpg,normal,
D:\my_project\normal\3001_right.jpg,normal,
D:\my_project\normal\3004_left.jpg,normal,
D:\my_project\normal\3004_right.jpg,normal,
D:\my_project\normal\3007_left.jpg,normal,
D:\my_project\normal\3007_right.jpg,normal,
D:\my_project\normal\3008_left.jpg,normal,
D:\my_project\normal\3008_right.jpg,normal,
D:\my_project\normal\3009_left.jpg,normal,
D:\my_project\normal\3009_right.jpg,normal,
D:\my_project\normal\3010_left.jpg,normal,
D:\my_project\normal\3010_right.jpg,normal,
D:\my_project\normal\3011_left.jpg,normal,
D:\my_project\normal\3011_right.jpg,normal,
D:\my_project\normal\3013_left.jpg,normal,
D:\my_project\normal\3013_right.jpg,normal,
D:\my_project\normal\3016_left.jpg,normal,
D:\my_project\normal\3016_right.jpg,normal,
D:\my_project\normal\3017_left.jpg,normal,
D:\my_project\normal\3017_right.jpg,normal,
D:\my_project\normal\3018_left.jpg,normal,
D:\my_project\normal\3018_right.jpg,normal,
D:\my_project\normal\3020_left.jpg,normal,
D:\my_project\normal\3020_right.jpg,normal,
D:\my_project\normal\3025_left.jpg,normal,
D:\my_project\normal\3025_right.jpg,normal,
D:\my_project\normal\3026_left.jpg,normal,
D:\my_project\normal\3026_right.jpg,normal,
D:\my_project\normal\3029_left.jpg,normal,
D:\my_project\normal\3029_right.jpg,normal,
D:\my_project\normal\3034_left.jpg,normal,
D:\my_project\normal\3034_right.jpg,normal,
D:\my_project\normal\3037_right.jpg,normal,
D:\my_project\normal\3038_left.jpg,normal,
D:\my_project\normal\3038_right.jpg,normal,
D:\my_project\normal\3040_left.jpg,normal,
D:\my_project\normal\3040_right.jpg,normal,
D:\my_project\normal\3042_left.jpg,normal,
D:\my_project\normal\3042_right.jpg,normal,
D:\my_project\normal\3044_left.jpg,normal,
D:\my_project\normal\3044_right.jpg,normal,
D:\my_project\normal\3050_left.jpg,normal,
D:\my_project\normal\3050_right.jpg,normal,
D:\my_project\normal\3051_left.jpg,normal,
D:\my_project\normal\3051_right.jpg,normal,
D:\my_project\normal\3052_left.jpg,normal,
D:\my_project\normal\3052_right.jpg,normal,
D:\my_project\normal\3054_left.jpg,normal,
D:\my_project\normal\3054_right.jpg,normal,
D:\my_project\normal\3056_left.jpg,normal,
D:\my_project\normal\3056_right.jpg,normal,
D:\my_project\normal\3057_left.jpg,normal,
D:\my_project\normal\3057_right.jpg,normal,
D:\my_project\normal\3058_left.jpg,normal,
D:\my_project\normal\3058_right.jpg,normal,
D:\my_project\normal\3059_left.jpg,normal,
D:\my_project\normal\3059_right.jpg,normal,
D:\my_project\normal\3062_left.jpg,normal,
D:\my_project\normal\3062_right.jpg,normal,
D:\my_project\normal\3063_left.jpg,normal,
D:\my_project\normal\3063_right.jpg,normal,
D:\my_project\normal\3064_left.jpg,normal,
D:\my_project\normal\3064_right.jpg,normal,
D:\my_project\normal\3066_left.jpg,normal,
D:\my_project\normal\3066_right.jpg,normal,
D:\my_project\normal\3068_left.jpg,normal,
D:\my_project\normal\3068_right.jpg,normal,
D:\my_project\normal\3069_left.jpg,normal,
D:\my_project\normal\3069_right.jpg,normal,
D:\my_project\normal\3070_left.jpg,normal,
D:\my_project\normal\3070_right.jpg,normal,
D:\my_project\normal\3072_left.jpg,normal,
D:\my_project\normal\3072_right.jpg,normal,
D:\my_project\normal\3075_left.jpg,normal,
D:\my_project\normal\3075_right.jpg,normal,
D:\my_project\normal\3077_left.jpg,normal,
D:\my_project\normal\3077_right.jpg,normal,
D:\my_project\normal\3079_left.jpg,normal,
D:\my_project\normal\3079_right.jpg,normal,
D:\my_project\normal\3080_left.jpg,normal,
D:\my_project\normal\3080_right.jpg,normal,
D:\my_project\normal\3083_left.jpg,normal,
D:\my_project\normal\3083_right.jpg,normal,
D:\my_project\normal\3084_left.jpg,normal,
D:\my_project\normal\3084_right.jpg,normal,
D:\my_project\normal\3085_left.jpg,normal,
D:\my_project\normal\3085_right.jpg,normal,
D:\my_project\normal\3090_left.jpg,normal,
D:\my_project\normal\3090_right.jpg,normal,
D:\my_project\normal\3094_left.jpg,normal,
D:\my_project\normal\3094_right.jpg,normal,
D:\my_project\normal\3095_left.jpg,normal,
D:\my_project\normal\3095_right.jpg,normal,
D:\my_project\normal\3097_left.jpg,normal,
D:\my_project\normal\3097_right.jpg,normal,
D:\my_project\normal\3098_left.jpg,normal,
D:\my_project\normal\3098_right.jpg,normal,
D:\my_project\normal\3100_left.jpg,normal,
D:\my_project\normal\3100_right.jpg,normal,
D:\my_project\normal\3102_left.jpg,normal,
D:\my_project\normal\3102_right.jpg,normal,
D:\my_project\normal\3108_left.jpg,normal,
D:\my_project\normal\3108_right.jpg,normal,
D:\my_project\normal\3109_left.jpg,normal,
D:\my_project\normal\3109_right.jpg,normal,
D:\my_project\normal\3110_left.jpg,normal,
D:\my_project\normal\3110_right.jpg,normal,
D:\my_project\normal\3113_left.jpg,normal,
D:\my_project\normal\3113_right.jpg,normal,
D:\my_project\normal\3114_left.jpg,normal,
D:\my_project\normal\3114_right.jpg,normal,
D:\my_project\normal\3117_left.jpg,normal,
D:\my_project\normal\3117_right.jpg,normal,
D:\my_project\normal\3119_left.jpg,normal,
D:\my_project\normal\3122_left.jpg,normal,
D:\my_project\normal\3122_right.jpg,normal,
D:\my_project\normal\3123_left.jpg,normal,
D:\my_project\normal\3123_right.jpg,normal,
D:\my_project\normal\3124_left.jpg,normal,
D:\my_project\normal\3124_right.jpg,normal,
D:\my_project\normal\3127_left.jpg,normal,
D:\my_project\normal\3127_right.jpg,normal,
D:\my_project\normal\3131_left.jpg,normal,
D:\my_project\normal\3131_right.jpg,normal,
D:\my_project\normal\3138_left.jpg,normal,
D:\my_project\normal\3138_right.jpg,normal,
D:\my_project\normal\3139_left.jpg,normal,
D:\my_project\normal\3139_right.jpg,normal,
D:\my_project\normal\3141_left.jpg,normal,
D:\my_project\normal\3141_right.jpg,normal,
D:\my_project\normal\3142_left.jpg,normal,
D:\my_project\normal\3142_right.jpg,normal,
D:\my_project\normal\3144_left.jpg,normal,
D:\my_project\normal\3144_right.jpg,normal,
D:\my_project\normal\3145_left.jpg,normal,
D:\my_project\normal\3146_right.jpg,normal,
D:\my_project\normal\3150_left.jpg,normal,
D:\my_project\normal\3150_right.jpg,normal,
D:\my_project\normal\3153_left.jpg,normal,
D:\my_project\normal\3153_right.jpg,normal,
D:\my_project\normal\3154_left.jpg,normal,
D:\my_project\normal\3155_left.jpg,normal,
D:\my_project\normal\3155_right.jpg,normal,
D:\my_project\normal\3157_left.jpg,normal,
D:\my_project\normal\3157_right.jpg,normal,
D:\my_project\normal\3159_right.jpg,normal,
D:\my_project\normal\3163_left.jpg,normal,
D:\my_project\normal\3164_right.jpg,normal,
D:\my_project\normal\3166_right.jpg,normal,
D:\my_project\normal\3168_left.jpg,normal,
D:\my_project\normal\3169_left.jpg,normal,
D:\my_project\normal\3169_right.jpg,normal,
D:\my_project\normal\3170_right.jpg,normal,
D:\my_project\normal\3171_left.jpg,normal,
D:\my_project\normal\3172_left.jpg,normal,
D:\my_project\normal\3172_right.jpg,normal,
D:\my_project\normal\3173_right.jpg,normal,
D:\my_project\normal\3175_left.jpg,normal,
D:\my_project\normal\3175_right.jpg,normal,
D:\my_project\normal\3176_left.jpg,normal,
D:\my_project\normal\3176_right.jpg,normal,
D:\my_project\normal\3177_right.jpg,normal,
D:\my_project\normal\3179_left.jpg,normal,
D:\my_project\normal\3181_right.jpg,normal,
D:\my_project\normal\3183_left.jpg,normal,
D:\my_project\normal\3184_left.jpg,normal,
D:\my_project\normal\3184_right.jpg,normal,
D:\my_project\normal\3186_left.jpg,normal,
D:\my_project\normal\3186_right.jpg,normal,
D:\my_project\normal\3187_left.jpg,normal,
D:\my_project\normal\3187_right.jpg,normal,
D:\my_project\normal\3188_left.jpg,normal,
D:\my_project\normal\3188_right.jpg,normal,
D:\my_project\normal\3191_right.jpg,normal,
D:\my_project\normal\3192_left.jpg,normal,
D:\my_project\normal\3193_left.jpg,normal,
D:\my_project\normal\3193_right.jpg,normal,
D:\my_project\normal\3194_left.jpg,normal,
D:\my_project\normal\3194_right.jpg,normal,
D:\my_project\normal\3196_left.jpg,normal,
D:\my_project\normal\3196_right.jpg,normal,
D:\my_project\normal\3198_left.jpg,normal,
D:\my_project\normal\3198_right.jpg,normal,
D:\my_project\normal\3200_left.jpg,normal,
D:\my_project\normal\3201_left.jpg,normal,
D:\my_project\normal\3202_left.jpg,normal,
D:\my_project\normal\3202_right.jpg,normal,
D:\my_project\normal\3203_left.jpg,normal,
D:\my_project\normal\3203_right.jpg,normal,
D:\my_project\normal\3204_left.jpg,normal,
D:\my_project\normal\3206_left.jpg,normal,
D:\my_project\normal\3207_left.jpg,normal,
D:\my_project\normal\3207_right.jpg,normal,
D:\my_project\normal\3208_left.jpg,normal,
D:\my_project\normal\3208_right.jpg,normal,
D:\my_project\normal\3209_right.jpg,normal,
D:\my_project\normal\3212_left.jpg,normal,
D:\my_project\normal\3214_left.jpg,normal,
D:\my_project\normal\3214_right.jpg,normal,
D:\my_project\normal\3215_right.jpg,normal,
D:\my_project\normal\3216_left.jpg,normal,
D:\my_project\normal\3217_left.jpg,normal,
D:\my_project\normal\3217_right.jpg,normal,
D:\my_project\normal\3218_right.jpg,normal,
D:\my_project\normal\3221_left.jpg,normal,
D:\my_project\normal\3221_right.jpg,normal,
D:\my_project\normal\3222_left.jpg,normal,
D:\my_project\normal\3222_right.jpg,normal,
D:\my_project\normal\3223_left.jpg,normal,
D:\my_project\normal\3223_right.jpg,normal,
D:\my_project\normal\3226_left.jpg,normal,
D:\my_project\normal\3226_right.jpg,normal,
D:\my_project\normal\3227_left.jpg,normal,
D:\my_project\normal\3227_right.jpg,normal,
D:\my_project\normal\3232_left.jpg,normal,
D:\my_project\normal\3232_right.jpg,normal,
D:\my_project\normal\3234_left.jpg,normal,
D:\my_project\normal\3234_right.jpg,normal,
D:\my_project\normal\3237_left.jpg,normal,
D:\my_project\normal\3237_right.jpg,normal,
D:\my_project\normal\3238_right.jpg,normal,
D:\my_project\normal\3240_right.jpg,normal,
D:\my_project\normal\3241_left.jpg,normal,
D:\my_project\normal\3242_left.jpg,normal,
D:\my_project\normal\3242_right.jpg,normal,
D:\my_project\normal\3243_left.jpg,normal,
D:\my_project\normal\3243_right.jpg,normal,
D:\my_project\normal\3244_left.jpg,normal,
D:\my_project\normal\3244_right.jpg,normal,
D:\my_project\normal\3245_right.jpg,normal,
D:\my_project\normal\3246_left.jpg,normal,
D:\my_project\normal\3248_left.jpg,normal,
D:\my_project\normal\3248_right.jpg,normal,
D:\my_project\normal\3249_right.jpg,normal,
D:\my_project\normal\3251_left.jpg,normal,
D:\my_project\normal\3252_left.jpg,normal,
D:\my_project\normal\3252_right.jpg,normal,
D:\my_project\normal\3253_right.jpg,normal,
D:\my_project\normal\3255_left.jpg,normal,
D:\my_project\normal\3255_right.jpg,normal,
D:\my_project\normal\3256_right.jpg,normal,
D:\my_project\normal\3257_right.jpg,normal,
D:\my_project\normal\3259_left.jpg,normal,
D:\my_project\normal\3259_right.jpg,normal,
D:\my_project\normal\3260_left.jpg,normal,
D:\my_project\normal\3260_right.jpg,normal,
D:\my_project\normal\3262_right.jpg,normal,
D:\my_project\normal\3263_left.jpg,normal,
D:\my_project\normal\3264_left.jpg,normal,
D:\my_project\normal\3266_right.jpg,normal,
D:\my_project\normal\3267_left.jpg,normal,
D:\my_project\normal\3271_right.jpg,normal,
D:\my_project\normal\3272_left.jpg,normal,
D:\my_project\normal\3273_left.jpg,normal,
D:\my_project\normal\3273_right.jpg,normal,
D:\my_project\normal\3274_left.jpg,normal,
D:\my_project\normal\3275_left.jpg,normal,
D:\my_project\normal\3275_right.jpg,normal,
D:\my_project\normal\3282_right.jpg,normal,
D:\my_project\normal\3283_left.jpg,normal,
D:\my_project\normal\3285_right.jpg,normal,
D:\my_project\normal\3287_right.jpg,normal,
D:\my_project\normal\3289_left.jpg,normal,
D:\my_project\normal\3289_right.jpg,normal,
D:\my_project\normal\3290_right.jpg,normal,
D:\my_project\normal\3291_left.jpg,normal,
D:\my_project\normal\3291_right.jpg,normal,
D:\my_project\normal\3293_left.jpg,normal,
D:\my_project\normal\3294_right.jpg,normal,
D:\my_project\normal\3295_left.jpg,normal,
D:\my_project\normal\3295_right.jpg,normal,
D:\my_project\normal\3296_left.jpg,normal,
D:\my_project\normal\3297_right.jpg,normal,
D:\my_project\normal\3298_left.jpg,normal,
D:\my_project\normal\3298_right.jpg,normal,
D:\my_project\normal\3300_left.jpg,normal,
D:\my_project\normal\3300_right.jpg,normal,
D:\my_project\normal\3304_left.jpg,normal,
D:\my_project\normal\3304_right.jpg,normal,
D:\my_project\normal\3305_left.jpg,normal,
D:\my_project\normal\3305_right.jpg,normal,
D:\my_project\normal\3306_left.jpg,normal,
D:\my_project\normal\3306_right.jpg,normal,
D:\my_project\normal\3307_right.jpg,normal,
D:\my_project\normal\3308_left.jpg,normal,
D:\my_project\normal\3308_right.jpg,normal,
D:\my_project\normal\3309_left.jpg,normal,
D:\my_project\normal\3309_right.jpg,normal,
D:\my_project\normal\3311_right.jpg,normal,
D:\my_project\normal\3312_left.jpg,normal,
D:\my_project\normal\3315_right.jpg,normal,
D:\my_project\normal\3317_left.jpg,normal,
D:\my_project\normal\3318_left.jpg,normal,
D:\my_project\normal\3319_right.jpg,normal,
D:\my_project\normal\3320_right.jpg,normal,
D:\my_project\normal\3321_left.jpg,normal,
D:\my_project\normal\3324_left.jpg,normal,
D:\my_project\normal\3324_right.jpg,normal,
D:\my_project\normal\3325_left.jpg,normal,
D:\my_project\normal\3329_right.jpg,normal,
D:\my_project\normal\3330_left.jpg,normal,
D:\my_project\normal\3330_right.jpg,normal,
D:\my_project\normal\3332_right.jpg,normal,
D:\my_project\normal\3340_right.jpg,normal,
D:\my_project\normal\3341_left.jpg,normal,
D:\my_project\normal\3341_right.jpg,normal,
D:\my_project\normal\3342_left.jpg,normal,
D:\my_project\normal\3343_right.jpg,normal,
D:\my_project\normal\3344_right.jpg,normal,
D:\my_project\normal\3348_right.jpg,normal,
D:\my_project\normal\3350_left.jpg,normal,
D:\my_project\normal\3352_left.jpg,normal,
D:\my_project\normal\3352_right.jpg,normal,
D:\my_project\normal\3353_left.jpg,normal,
D:\my_project\normal\3354_left.jpg,normal,
D:\my_project\normal\3354_right.jpg,normal,
D:\my_project\normal\3355_left.jpg,normal,
D:\my_project\normal\3355_right.jpg,normal,
D:\my_project\normal\3356_left.jpg,normal,
D:\my_project\normal\3356_right.jpg,normal,
D:\my_project\normal\3357_left.jpg,normal,
D:\my_project\normal\3357_right.jpg,normal,
D:\my_project\normal\3358_left.jpg,normal,
D:\my_project\normal\3358_right.jpg,normal,
D:\my_project\normal\3359_left.jpg,normal,
D:\my_project\normal\3359_right.jpg,normal,
D:\my_project\normal\3360_right.jpg,normal,
D:\my_project\normal\3362_left.jpg,normal,
D:\my_project\normal\3363_left.jpg,normal,
D:\my_project\normal\3363_right.jpg,normal,
D:\my_project\normal\3364_right.jpg,normal,
D:\my_project\normal\3365_left.jpg,normal,
D:\my_project\normal\3367_left.jpg,normal,
D:\my_project\normal\3367_right.jpg,normal,
D:\my_project\normal\3369_left.jpg,normal,
D:\my_project\normal\3373_right.jpg,normal,
D:\my_project\normal\3375_left.jpg,normal,
D:\my_project\normal\3376_left.jpg,normal,
D:\my_project\normal\3377_left.jpg,normal,
D:\my_project\normal\3377_right.jpg,normal,
D:\my_project\normal\3378_right.jpg,normal,
D:\my_project\normal\3379_right.jpg,normal,
D:\my_project\normal\3380_right.jpg,normal,
D:\my_project\normal\3381_left.jpg,normal,
D:\my_project\normal\3382_left.jpg,normal,
D:\my_project\normal\3383_right.jpg,normal,
D:\my_project\normal\3386_left.jpg,normal,
D:\my_project\normal\3387_left.jpg,normal,
D:\my_project\normal\3388_left.jpg,normal,
D:\my_project\normal\3388_right.jpg,normal,
D:\my_project\normal\3389_left.jpg,normal,
D:\my_project\normal\3389_right.jpg,normal,
D:\my_project\normal\3390_left.jpg,normal,
D:\my_project\normal\3390_right.jpg,normal,
D:\my_project\normal\3391_right.jpg,normal,
D:\my_project\normal\3392_left.jpg,normal,
D:\my_project\normal\3392_right.jpg,normal,
D:\my_project\normal\3393_left.jpg,normal,
D:\my_project\normal\3394_right.jpg,normal,
D:\my_project\normal\3395_left.jpg,normal,
D:\my_project\normal\3397_left.jpg,normal,
D:\my_project\normal\3398_left.jpg,normal,
D:\my_project\normal\3399_left.jpg,normal,
D:\my_project\normal\3399_right.jpg,normal,
D:\my_project\normal\3403_left.jpg,normal,
D:\my_project\normal\3404_left.jpg,normal,
D:\my_project\normal\3405_left.jpg,normal,
D:\my_project\normal\3405_right.jpg,normal,
D:\my_project\normal\3406_right.jpg,normal,
D:\my_project\normal\3407_right.jpg,normal,
D:\my_project\normal\3408_left.jpg,normal,
D:\my_project\normal\3408_right.jpg,normal,
D:\my_project\normal\3410_left.jpg,normal,
D:\my_project\normal\3411_left.jpg,normal,
D:\my_project\normal\3411_right.jpg,normal,
D:\my_project\normal\3412_left.jpg,normal,
D:\my_project\normal\3412_right.jpg,normal,
D:\my_project\normal\3414_left.jpg,normal,
D:\my_project\normal\3414_right.jpg,normal,
D:\my_project\normal\3415_left.jpg,normal,
D:\my_project\normal\3415_right.jpg,normal,
D:\my_project\normal\3416_right.jpg,normal,
D:\my_project\normal\3417_left.jpg,normal,
D:\my_project\normal\3417_right.jpg,normal,
D:\my_project\normal\3418_left.jpg,normal,
D:\my_project\normal\3419_right.jpg,normal,
D:\my_project\normal\3420_left.jpg,normal,
D:\my_project\normal\3420_right.jpg,normal,
D:\my_project\normal\3421_left.jpg,normal,
D:\my_project\normal\3422_left.jpg,normal,
D:\my_project\normal\3422_right.jpg,normal,
D:\my_project\normal\3423_left.jpg,normal,
D:\my_project\normal\3424_left.jpg,normal,
D:\my_project\normal\3424_right.jpg,normal,
D:\my_project\normal\3425_left.jpg,normal,
D:\my_project\normal\3425_right.jpg,normal,
D:\my_project\normal\3426_right.jpg,normal,
D:\my_project\normal\3427_left.jpg,normal,
D:\my_project\normal\3428_right.jpg,normal,
D:\my_project\normal\3430_left.jpg,normal,
D:\my_project\normal\3431_left.jpg,normal,
D:\my_project\normal\3431_right.jpg,normal,
D:\my_project\normal\3432_left.jpg,normal,
D:\my_project\normal\3432_right.jpg,normal,
D:\my_project\normal\3433_left.jpg,normal,
D:\my_project\normal\3433_right.jpg,normal,
D:\my_project\normal\3434_left.jpg,normal,
D:\my_project\normal\3434_right.jpg,normal,
D:\my_project\normal\3436_right.jpg,normal,
D:\my_project\normal\3437_left.jpg,normal,
D:\my_project\normal\3438_right.jpg,normal,
D:\my_project\normal\3441_left.jpg,normal,
D:\my_project\normal\3442_left.jpg,normal,
D:\my_project\normal\3442_right.jpg,normal,
D:\my_project\normal\3443_left.jpg,normal,
D:\my_project\normal\3444_right.jpg,normal,
D:\my_project\normal\3445_left.jpg,normal,
D:\my_project\normal\3446_left.jpg,normal,
D:\my_project\normal\3446_right.jpg,normal,
D:\my_project\normal\3448_right.jpg,normal,
D:\my_project\normal\3485_left.jpg,normal,
D:\my_project\normal\4290_right.jpg,normal,
D:\my_project\normal\4637_left.jpg,normal,
D:\my_project\normal\4637_right.jpg,normal,
D:\my_project\normal\530_left.jpg,normal,
D:\my_project\normal\530_right.jpg,normal,
D:\my_project\normal\695_left.jpg,normal,
D:\my_project\normal\695_right.jpg,normal,
D:\my_project\normal\84_left.jpg,normal,
D:\my_project\normal\84_right.jpg,normal,
D:\my_project\normal\8_left.jpg,normal,
D:\my_project\normal\8_right.jpg,normal,
D:\my_project\normal\939_left.jpg,normal,
D:\my_project\normal\939_right.jpg,normal,
D:\my_project\normal\951_left.jpg,normal,
D:\my_project\normal\951_right.jpg,normal,
